{
  "steps": [
    {
      "stepType": "manageTenant",
      "stepData": {
        "mode": "add",
        "tenantName": "ussuhvin0521_base Tenant",
        "tenantDescription": "ussuhvin0521 QA",
        "properties": {
          "B2CAppId": "dfa4f1a9-a2f9-4cd1-bf88-26c50d4d0464",
          "B2CAppSecret": "CaEX2z6M9bC_kR1pB5a-vVO~Mu-jNhXtv3",
          "B2CTenantId": "egenginfob2c.onmicrosoft.com",
          "B2CExtensionAppId": "eaba848f6a9240f3ba5a5241a317ecc8",
          "UserManagementDisabled": true,
          "ExternalStorageAwsTenantDataEncryptionEnabled": true,
          "TenantManagerTenantId": "eg1001"
        }
      }
    }
  ]
}