{
  "steps": [
    {
      "stepType": "runWizard",
      "stepData": {
        "wizardType": "egainServer",
        "wizardData": {
          "mode": "Add",
          "resourceName": "eGain 123",
          "serverName": "USQAVIM005A",
          "serverAddress": "USQAVIM005A.egeng.info",
          "activeIntegratedSecurity": false,
          "activeDbCatalog": "eGActiveDB",
          "activeDbUserId": "sa",
          "activeDbPassword": "Pa55word"
        }
      }
    }
  ]
}