{
  "Version": "2012-10-17",
  "Statement": [
      {
          "Sid": "EC2InstanceConnect",
          "Action": "ec2-instance-connect:OpenTunnel",
          "Effect": "Allow",
          "Resource": "*"
      },
      {
          "Sid": "SSHPublicKey",
          "Effect": "Allow",
          "Action": "ec2-instance-connect:SendSSHPublicKey",
          "Resource": "*"
      },
      {
          "Sid": "Describe",
          "Action": [
              "ec2:DescribeInstances",
              "ec2:DescribeInstanceConnectEndpoints"
          ],
          "Effect": "Allow",
          "Resource": "*"
      }
  ]
}
