{
  "Version": "2012-10-17",
  "Statement": [
    {
      "Sid": "ECRActions",
      "Effect": "Allow",
      "Action": [
        "ecr:BatchCheckLayerAvailability",
        "ecr:GetDownloadUrlForLayer",
        "ecr:PutImage",
        "ecr:BatchGetImage",
        "ecr:UploadLayerPart",
        "ecr:CompleteLayerUpload",
        "ecr:InitiateLayerUpload",
        "ecr:DescribeImages"
      ],
      "Resource": [
        "arn:aws:ecr:*:${account_id}:repository/analytics-dataservices-*"
      ]
    },
    {
      "Sid": "ECRActionsAll",
      "Effect": "Allow",
      "Action": [
        "ecr:GetAuthorizationToken"
      ],
      "Resource": [
        "*"
      ]
    },
    {
      "Sid": "LogsActions",
      "Effect": "Allow",
      "Action": [
        "logs:TagResource",
        "logs:CreateLogGroup",
        "logs:DeleteLogGroup",
        "logs:PutRetentionPolicy",
        "logs:PutMetricFilter",
        "logs:DescribeMetricFilters",
        "logs:DeleteMetricFilter",
        "logs:ListTagsForResource",
        "logs:CreateLogStream",
        "logs:PutLogEvents",
        "logs:DescribeLogStreams",
        "logs:GetLogEvents"
      ],
      "Resource": [
        "arn:aws:logs:*:${account_id}:log-group:/aws/ecs/analytics-*",
        "arn:aws:logs:*:${account_id}:log-group:/aws/ecr/image-scan-findings-*",
        "arn:aws:logs:*:${account_id}:log-group:/aws/ecs/containerinsights/analytics-*",
        "arn:aws:logs:*:${account_id}:log-group:/aws/lambda/analytics-*",
        "arn:aws:logs:*:${account_id}:log-group:/aws/redshift/*:log-stream:*"
      ]
    },
    {
      "Sid": "LogsActionsAll",
      "Effect": "Allow",
      "Action": [
        "logs:DescribeLogGroups"
      ],
      "Resource": [
        "*"
      ]
    },
    {
      "Sid": "LambdaActions",
      "Effect": "Allow",
      "Action": [
        "lambda:GetFunction",
        "lambda:TagResource",
        "lambda:ListTags",
        "lambda:UntagResource",
        "lambda:ListVersionsByFunction",
        "lambda:GetAlias",
        "lambda:DeleteAlias",
        "lambda:UpdateFunctionCode",
        "lambda:GetLayerVersionPolicy",
        "lambda:PublishVersion",
        "lambda:CreateAlias",
        "lambda:DeleteLayerVersion",
        "lambda:UpdateFunctionConfiguration",
        "lambda:PublishLayerVersion",
        "lambda:CreateFunction",
        "lambda:DeleteFunction",
        "lambda:GetFunctionCodeSigningConfig",
        "lambda:AddPermission",
        "lambda:GetPolicy",
        "lambda:RemovePermission",
        "lambda:GetFunctionConfiguration",
        "lambda:GetProvisionedConcurrencyConfig",
        "lambda:PutProvisionedConcurrencyConfig",
        "lambda:DeleteProvisionedConcurrencyConfig"
      ],
      "Resource": [
        "arn:aws:lambda:*:${account_id}:function:analytics-ecr-scan-lambda*",
        "arn:aws:lambda:*:${account_id}:function:analytics-provisioner-lambda*",
        "arn:aws:lambda:*:${account_id}:function:analytics-gdpr-lambda*",
        "arn:aws:lambda:*:${account_id}:layer:analytics*",
        "arn:aws:lambda:*:${account_id}:event-source-mapping:*"
      ]
    },
    {
      "Sid": "LambdaActionsAll",
      "Effect": "Allow",
      "Action": [
        "lambda:GetEventSourceMapping",
        "lambda:DeleteEventSourceMapping",
        "lambda:CreateEventSourceMapping"
      ],
      "Resource": [
        "*"
      ]
    },
    {
      "Sid": "CloudWatchActions",
      "Effect": "Allow",
      "Action": [
        "cloudwatch:DescribeAlarms",
        "cloudwatch:TagResource",
        "cloudwatch:UntagResource",
        "cloudwatch:DescribeAlarmHistory",
        "cloudwatch:DeleteAlarms",
        "cloudwatch:PutMetricAlarm",
        "cloudwatch:ListTagsForResource"
      ],
      "Resource": [
        "arn:aws:cloudwatch:*:${account_id}:alarm:*analytics-dataservices-*"
      ]
    },
    {
      "Sid": "SecretsManagerActions",
      "Effect": "Allow",
      "Action": [
        "secretsmanager:DescribeSecret",
        "secretsmanager:TagResource",
        "secretsmanager:CreateSecret",
        "secretsmanager:DeleteSecret",
        "secretsmanager:ListSecretVersionIds",
        "secretsmanager:RotateSecret",
        "secretsmanager:CancelRotateSecret",
        "secretsmanager:PutSecretValue",
        "secretsmanager:UpdateSecret",
        "secretsmanager:UpdateSecretVersionStage",
        "secretsmanager:GetResourcePolicy",
        "secretsmanager:GetSecretValue"
      ],
      "Resource": [
        "arn:aws:secretsmanager:*:${account_id}:secret:ern/*/analytics/*",
        "arn:aws:secretsmanager:*:${account_id}:secret:redshift*"
      ]
    },
    {
      "Sid": "SecretsManagerActionsAll",
      "Effect": "Allow",
      "Action": [
        "secretsmanager:ListSecrets",
        "secretsmanager:GetRandomPassword"
      ],
      "Resource": [
        "*"
      ]
    },
    {
      "Effect": "Allow",
      "Action": [
        "iam:CreateServiceLinkedRole"
      ],
      "Resource": "*",
      "Condition": {
        "StringEquals": {
          "iam:AWSServiceName": [
            "autoscaling.amazonaws.com",
            "ec2scheduled.amazonaws.com",
            "elasticloadbalancing.amazonaws.com",
            "spot.amazonaws.com",
            "spotfleet.amazonaws.com",
            "transitgateway.amazonaws.com",
            "elasticfilesystem.amazonaws.com",
            "ec2-instance-connect.amazonaws.com",
            "redshift.amazonaws.com"
          ]
        }
      }
    }
  ]
}
