{
  "Version": "2012-10-17",
  "Statement": [
    {
      "Sid": "ElasticLoadBalancingActions",
      "Effect": "Allow",
      "Action": [
        "elasticloadbalancing:CreateTargetGroup",
        "elasticloadbalancing:AddTags",
        "elasticloadbalancing:ModifyLoadBalancerAttributes",
        "elasticloadbalancing:CreateLoadBalancer",
        "elasticloadbalancing:DeleteTargetGroup",
        "elasticloadbalancing:DeleteListener",
        "elasticloadbalancing:DeleteLoadBalancer",
        "elasticloadbalancing:CreateRule",
        "elasticloadbalancing:ModifyTargetGroupAttributes",
        "elasticloadbalancing:CreateListener",
        "elasticloadbalancing:DeleteRule",
        "elasticloadbalancing:ModifyRule"
      ],
      "Resource": [
        "arn:aws:elasticloadbalancing:*:${account_id}:loadbalancer/app/analytics-etl-alb*",
        "arn:aws:elasticloadbalancing:*:${account_id}:targetgroup/analytics-etl-tg*",
        "arn:aws:elasticloadbalancing:*:${account_id}:listener/app/analytics-etl-alb*",
        "arn:aws:elasticloadbalancing:*:${account_id}:rule/app/analytics-etl-alb*",
        "arn:aws:elasticloadbalancing:*:${account_id}:listener-rule/app/analytics-etl-alb*"
      ]
    },
    {
      "Sid": "ElasticLoadBalancingActionsDescribe",
      "Effect": "Allow",
      "Action": [
        "elasticloadbalancing:DescribeTargetGroups",
        "elasticloadbalancing:DescribeLoadBalancers",
        "elasticloadbalancing:DescribeLoadBalancerAttributes",
        "elasticloadbalancing:DescribeTargetGroupAttributes",
        "elasticloadbalancing:DescribeRules",
        "elasticloadbalancing:DescribeListeners",
        "elasticloadbalancing:DescribeTags",
        "elasticloadbalancing:DescribeListenerAttributes"
      ],
      "Resource": [
        "*"
      ]
    },
    {
      "Sid": "Route53Actions",
      "Effect": "Allow",
      "Action": [
        "route53:GetChange",
        "route53:GetHostedZone",
        "route53:ListResourceRecordSets",
        "route53:DeleteHostedZone",
        "route53:ListTagsForResource"
      ],
      "Resource": [
        "arn:aws:route53:::hostedzone/*",
        "arn:aws:route53:::change/*"
      ]
    },
    {
      "Sid": "Route53ActionsChange",
      "Effect": "Allow",
      "Action": [
        "route53:ChangeResourceRecordSets"
      ],
      "Resource": [
        "arn:aws:route53:::hostedzone/*"
      ]
    },
    {
      "Sid": "Route53ActionsAll",
      "Effect": "Allow",
      "Action": [
        "route53:CreateHostedZone",
        "route53:ListHostedZones"
      ],
      "Resource": [
        "*"
      ]
    },
    {
      "Sid": "RedshiftActions",
      "Effect": "Allow",
      "Action": [
        "redshift:DescribeClusterParameters",
        "redshift:CreateClusterParameterGroup",
        "redshift:CreateCluster",
        "redshift:CreateClusterSubnetGroup",
        "redshift:DeleteCluster",
        "redshift:DeleteClusterSubnetGroup",
        "redshift:ModifyCluster",
        "redshift:DeleteClusterParameterGroup",
        "redshift:CreateTags",
        "redshift:DescribeLoggingStatus",
        "redshift:ModifyClusterIamRoles"
      ],
      "Resource": [
        "arn:aws:redshift:*:${account_id}:subnetgroup:analytics-etl-redshift*",
        "arn:aws:redshift:*:${account_id}:cluster:analytics-etl-redshift*",
        "arn:aws:redshift:*:${account_id}:parametergroup:analytics-etl-redshift*"
      ]
    },
    {
      "Sid": "RedshiftActionsAll",
      "Effect": "Allow",
      "Action": [
        "redshift:DescribeClusters",
        "redshift:DescribeClusterSubnetGroups",
        "redshift:DescribeClusterParameterGroups"
      ],
      "Resource": [
        "*"
      ]
    },
    {
      "Sid": "RedshiftServerlessActionsAnalytics",
      "Effect": "Allow",
      "Action": [
        "redshift-serverless:DeleteNamespace",
        "redshift-serverless:DeleteWorkgroup",
        "redshift-serverless:UpdateNamespace",
        "redshift-serverless:UpdateWorkgroup",
        "redshift-serverless:UntagResource"
      ],
      "Resource": [
        "arn:aws:redshift-serverless:*:${account_id}:namespace/*",
        "arn:aws:redshift-serverless:*:${account_id}:workgroup/*"
      ],
      "Condition": {
        "StringEquals": {
          "aws:ResourceTag/Project": "analytics"
        }
      }
    },
    {
      "Sid": "RedshiftServerlessActionsCreate",
      "Effect": "Allow",
      "Action": [
        "redshift-serverless:CreateNamespace",
        "redshift-serverless:CreateWorkgroup",
        "redshift-serverless:TagResource"
      ],
      "Resource": [
        "arn:aws:redshift-serverless:*:${account_id}:namespace/*",
        "arn:aws:redshift-serverless:*:${account_id}:workgroup/*"
      ],
      "Condition": {
        "StringEquals": {
          "aws:RequestTag/Project": "analytics"
        }
      }
    },
    {
      "Sid": "RedshiftServerlessActionsAll",
      "Effect": "Allow",
      "Action": [
        "redshift-serverless:List*",
        "redshift-serverless:Get*"
        ],
      "Resource": [
        "*"
      ]
    },
    {
      "Sid": "ElasticFileSystemActions",
      "Effect": "Allow",
      "Action": [
        "elasticfilesystem:DescribeLifecycleConfiguration",
        "elasticfilesystem:DescribeFileSystemPolicy",
        "elasticfilesystem:DescribeFileSystems",
        "elasticfilesystem:DeleteMountTarget",
        "elasticfilesystem:DescribeMountTargets",
        "elasticfilesystem:DescribeAccessPoints",
        "elasticfilesystem:CreateAccessPoint",
        "elasticfilesystem:DescribeMountTargetSecurityGroups",
        "elasticfilesystem:DescribeBackupPolicy",
        "elasticfilesystem:DeleteAccessPoint",
        "elasticfilesystem:PutFileSystemPolicy",
        "elasticfilesystem:DeleteFileSystemPolicy",
        "elasticfilesystem:UntagResource",
        "elasticfilesystem:CreateMountTarget",
        "elasticfilesystem:DeleteFileSystem",
        "elasticfilesystem:PutBackupPolicy"
      ],
      "Resource": [
        "arn:aws:elasticfilesystem:*:${account_id}:file-system/*",
        "arn:aws:elasticfilesystem:*:${account_id}:access-point/*"
      ],
      "Condition": {
        "StringEquals": {
          "aws:ResourceTag/Project": "analytics"
        }
      }
    },
    {
      "Sid": "ElasticFileSystemActionsAll",
      "Effect": "Allow",
      "Action": [
        "elasticfilesystem:TagResource",
        "elasticfilesystem:CreateFileSystem"
      ],
      "Resource": [
        "*"
      ],
      "Condition": {
        "StringEquals": {
          "aws:RequestTag/Project": "analytics"
        }
      }
    },
    {
      "Sid": "ServiceDiscoveryActions",
      "Effect": "Allow",
      "Action": [
        "servicediscovery:GetService",
        "servicediscovery:DeleteService",
        "servicediscovery:ListTagsForResource",
        "servicediscovery:CreateService",
        "servicediscovery:GetNamespace",
        "servicediscovery:DeleteNamespace"
      ],
      "Resource": [
        "arn:aws:servicediscovery:*:${account_id}:namespace/*",
        "arn:aws:servicediscovery:*:${account_id}:service/*"
      ],
      "Condition": {
        "StringEquals": {
          "aws:ResourceTag/Project": "analytics"
        }
      }
    },
    {
      "Sid": "ServiceDiscoveryActionsAll",
      "Effect": "Allow",
      "Action": [
        "servicediscovery:ListInstances",
        "servicediscovery:ListTagsForResource",
        "servicediscovery:GetOperation",
        "servicediscovery:TagResource",
        "servicediscovery:CreatePrivateDnsNamespace"
      ],
      "Resource": [
        "*"
      ]
    }
  ]
}
