{
  "Version": "2012-10-17",
  "Statement": [
    {
      "Sid": "S3Actions",
      "Effect": "Allow",
      "Action": [
        "s3:DeleteBucket",
        "s3:PutBucketTagging",
        "s3:CreateBucket",
        "s3:ListBucket",
        "s3:GetBucketTagging",
        "s3:GetBucketPolicy",
        "s3:GetBucketAcl",
        "S3:GetBucketCors",
        "S3:GetBucketWebsite",
        "s3:GetBucketVersioning",
        "s3:GetAccelerateConfiguration",
        "s3:GetBucketRequestPayment",
        "s3:GetBucketLogging",
        "s3:GetLifecycleConfiguration",
        "s3:GetBucketPublicAccessBlock",
        "s3:GetEncryptionConfiguration",
        "s3:PutBucketPublicAccessBlock",
        "s3:PutBucketOwnershipControls",
        "s3:PutEncryptionConfiguration",
        "s3:PutLifecycleConfiguration",
        "s3:PutBucketAcl",
        "s3:PutBucketPolicy",
        "s3:PutBucketVersioning",
        "s3:GetReplicationConfiguration",
        "s3:GetBucketObjectLockConfiguration"
      ],
      "Resource": [
        "arn:aws:s3:::analytics-dataservices-*"
      ]
    },
    {
      "Sid": "ECSActions",
      "Effect": "Allow",
      "Action": [
        "ecs:DeleteCluster",
        "ecs:DescribeClusters",
        "ecs:DescribeCapacityProviders",
        "ecs:DescribeServices",
        "ecs:DescribeTasks",
        "ecs:DescribeTaskSets",
        "ecs:CreateCluster",
        "ecs:CreateService",
        "ecs:DeleteService",
        "ecs:DeleteTaskSet",
        "ecs:TagResource",
        "ecs:DeleteTaskDefinitions",
        "ecs:DeleteCapacityProvider",
        "ecs:DescribeContainerInstances",
        "ecs:PutClusterCapacityProviders",
        "ecs:UpdateCapacityProvider",
        "ecs:UpdateCluster",
        "ecs:UpdateService",
        "ecs:UpdateTaskSet"
      ],
      "Resource": [
        "arn:aws:ecs:*:${account_id}:cluster/analytics-etl-ecs*",
        "arn:aws:ecs:*:${account_id}:service/analytics-etl-ecs*",
        "arn:aws:ecs:*:${account_id}:task/analytics-etl-ecs*",
        "arn:aws:ecs:*:${account_id}:task-definition/*",
        "arn:aws:ecs:*:${account_id}:task-set/*",
        "arn:aws:ecs:*:${account_id}:container-instance/analytics-etl-ecs*",
        "arn:aws:ecs:*:${account_id}:capacity-provider/*"
      ]
    },
    {
      "Sid": "ECSActionsAll",
      "Effect": "Allow",
      "Action": [
        "ecs:DescribeTaskDefinition",
        "ecs:RegisterTaskDefinition",
        "ecs:DeregisterTaskDefinition",
        "ecs:CreateTaskSet",
        "ecs:List*",
        "ecs:CreateCapacityProvider"
      ],
      "Resource": [
        "*"
      ]
    },
    {
      "Sid": "SNSActions",
      "Effect": "Allow",
      "Action": [
        "sns:ListSubscriptionsByTopic",
        "sns:CreateTopic",
        "sns:DeleteTopic",
        "sns:TagResource",
        "sns:ListTagsForResource",
        "sns:SetTopicAttributes",
        "sns:GetTopicAttributes",
        "sns:Subscribe",
        "sns:GetSubscriptionAttributes"
      ],
      "Resource": [
        "arn:aws:sns:*:${account_id}:ECR-scan-alerts*"
      ]
    },
    {
      "Sid": "SNSActionsAll",
      "Effect": "Allow",
      "Action": [
        "sns:ListTopics",
        "sns:GetSubscriptionAttributes",
        "sns:Unsubscribe"
      ],
      "Resource": [
        "*"
      ]
    },
    {
      "Sid": "SQSActions",
      "Effect": "Allow",
      "Action": [
        "sqs:ListQueues",
        "sqs:CreateQueue",
        "sqs:DeleteQueue",
        "sqs:TagQueue",
        "sqs:ListQueueTags",
        "sqs:setqueueattributes",
        "sqs:getqueueattributes"
      ],
      "Resource": [
        "arn:aws:sqs:*:${account_id}:analytics-ecr-scan-lambda-delay-queue*"
      ]
    },
    {
      "Sid": "SQSActionsAll",
      "Effect": "Allow",
      "Action": [
        "sqs:ListQueues"
      ],
      "Resource": [
        "*"
      ]
    },
    {
      "Sid": "SSMActions",
      "Effect": "Allow",
      "Action": [
        "ssm:GetParameters",
        "ssm:PutParameter"
      ],
      "Resource": [
        "arn:aws:ssm:*:${account_id}:parameter/analytics/*"
      ]
    },
    {
      "Sid": "AutoscalingActions",
      "Effect": "Allow",
      "Action": [
        "autoscaling:DeleteAutoScalingGroup",
        "autoscaling:UpdateAutoScalingGroup",
        "autoscaling:CreateAutoScalingGroup",
        "autoscaling:CreateOrUpdateTags",
        "autoscaling:CreateLaunchConfiguration",
        "autoscaling:DeleteLaunchConfiguration",
        "autoscaling:PutLifecycleHook",
        "autoscaling:DeleteLifecycleHook",
        "autoscaling:PutScalingPolicy",
        "autoscaling:SetDesiredCapacity",
        "autoscaling:DeleteTags"
      ],
      "Resource": [
        "arn:aws:autoscaling:*:${account_id}:autoScalingGroup:*:autoScalingGroupName/analytics-etl-asg-*",
        "arn:aws:autoscaling:*:${account_id}:launchConfiguration:*:launchConfigurationName/analytics-*"
      ]
    },
    {
      "Sid": "AutoscalingActionsAll",
      "Effect": "Allow",
      "Action": [
        "autoscaling:Describe*"
      ],
      "Resource": [
        "*"
      ]
    },
    {
      "Sid": "EventBridgeActions",
      "Effect": "Allow",
      "Action": [
        "events:TagResource",
        "events:PutRule",
        "events:DescribeRule",
        "events:DeleteRule",
        "events:ListTagsForResource",
        "events:PutTargets",
        "events:ListTargetsByRule",
        "events:RemoveTargets"
      ],
      "Resource": [
        "arn:aws:events:*:${account_id}:rule/analytics-ecr-scan*",
        "arn:aws:events:*:${account_id}:rule/AutoScalingManagedRule",
        "arn:aws:events:*:${account_id}:rule/ecs-managed-capacity-provider-rule"
      ]
    },
    {
      "Sid": "ACMActions",
      "Effect": "Allow",
      "Action": [
        "acm:AddTagsToCertificate",
        "acm:DeleteCertificate",
        "acm:DescribeCertificate",
        "acm:ListTagsForCertificate"
      ],
      "Resource": [
        "arn:aws:acm:*:${account_id}:certificate/*"
      ],
      "Condition": {
        "StringEquals": {
          "aws:ResourceTag/Project": "analytics"
        }
      }
    },
    {
      "Sid": "ACMActionsAll",
      "Effect": "Allow",
      "Action": [
        "acm:RequestCertificate"
      ],
      "Resource": [
        "*"
      ],
      "Condition": {
        "StringEquals": {
          "aws:RequestTag/Project": "analytics"
        }
      }
    },
    {
      "Sid": "KMSActionsAlias",
      "Effect": "Allow",
      "Action": [
        "kms:CreateAlias",
        "kms:UpdateAlias",
        "kms:DeleteAlias"
      ],
      "Resource": [
        "arn:aws:kms:*:${account_id}:alias/analytics-reporting-secmgr-key*"
      ]
    },
    {
      "Sid": "KMSActionsKey",
      "Effect": "Allow",
      "Action": [
        "kms:Get*",
        "kms:PutKeyPolicy",
        "kms:TagResource",
        "kms:UntagResource",
        "kms:ListGrants",
        "kms:ListKeyPolicies",
        "kms:ListKeyRotations",
        "kms:ListResourceTags",
        "kms:CreateAlias",
        "kms:ScheduleKeyDeletion",
        "kms:DescribeKey"
      ],
      "Resource": [
        "arn:aws:kms:*:${account_id}:key/*",
        "arn:aws:kms:*:${account_id}:alias/*"
      ],
      "Condition": {
        "StringEquals": {
          "aws:ResourceTag/Project": "analytics"
        }
      }
    },
    {
      "Sid": "KMSActionsCreate",
      "Effect": "Allow",
      "Action": [
        "kms:CreateKey"
      ],
      "Resource": [
        "*"
      ],
      "Condition": {
        "StringEquals": {
        "aws:RequestTag/Project": "analytics"
        }
      }
    },
    {
      "Sid": "KMSActionsAll",
      "Effect": "Allow",
      "Action": [
        "kms:ListKeys",
        "kms:ListAliases",
        "kms:CreateKey",
        "kms:CreateAlias",
        "kms:DescribeKey"
      ],
      "Resource": [
        "*"
      ]
    }
  ]
}
