{
  "Version": "2012-10-17",
  "Statement": [
    {
      "Sid": "IAMActions",
      "Effect": "Allow",
      "Action": [
        "iam:DeletePolicy",
        "iam:DeleteInstanceProfile",
        "iam:GetInstanceProfile",
        "iam:TagInstanceProfile",
        "iam:CreatePolicy",
        "iam:CreatePolicyVersion",
        "iam:ListPolicyVersions",
        "iam:GetPolicyVersion",
        "iam:RemoveRoleFromInstanceProfile",
        "iam:CreateRole",
        "iam:AttachRolePolicy",
        "iam:AddRoleToInstanceProfile",
        "iam:DetachRolePolicy",
        "iam:ListAttachedRolePolicies",
        "iam:ListRolePolicies",
        "iam:GetRole",
        "iam:GetPolicy",
        "iam:GetRolePolicy",
        "iam:DeleteRole",
        "iam:TagPolicy",
        "iam:CreateInstanceProfile",
        "iam:TagRole",
        "iam:ListInstanceProfilesForRole",
        "iam:GetServiceLinkedRoleDeletionStatus",
        "iam:DeleteServiceLinkedRole",
        "iam:PutRolePolicy"
      ],
      "Resource": [
        "arn:aws:iam::${account_id}:instance-profile/analytics-ecr-scan-lambda-role*",
        "arn:aws:iam::${account_id}:instance-profile/ec2/analytics-etl-ecs-*-instancerole*",
        "arn:aws:iam::${account_id}:instance-profile/analytics-etl-ecstask-*-execution-role*",
        "arn:aws:iam::${account_id}:role/analytics-ecr-scan-lambda-role*",
        "arn:aws:iam::${account_id}:role/ec2/analytics-etl-ecs-*-instancerole*",
        "arn:aws:iam::${account_id}:role/analytics-etl-ecstask-*-execution-role*",
        "arn:aws:iam::${account_id}:role/analytics-etl-ecstask-*-task-role*",
        "arn:aws:iam::${account_id}:role/analytics-etl-ecs-*-instancerole*",
        "arn:aws:iam::${account_id}:role/analytics-dataservices-redshift-role*",
        "arn:aws:iam::${account_id}:role/analytics-provisioner-lambda-role*",
        "arn:aws:iam::${account_id}:policy/analytics-dataservices-redshift-role-*-policy",
        "arn:aws:iam::${account_id}:policy/analytics-ecr-scan-lambda-role*",
        "arn:aws:iam::${account_id}:policy/analytics-gdpr-lambda-role*",
        "arn:aws:iam::${account_id}:policy/analytics-etl-ecstask-*-execution-role*",
        "arn:aws:iam::${account_id}:policy/analytics-provisioner-lambda-role*",
        "arn:aws:iam::${account_id}:role/aws-service-role/redshift.amazonaws.com/AWSServiceRoleForRedshift",
        "arn:aws:iam::${account_id}:role/analytics-gdpr-lambda-role*"
      ]
    },
    {
      "Sid": "IAMActionsLambda",
      "Effect": "Allow",
      "Action": [
        "iam:PassRole"
      ],
      "Resource": [
        "arn:aws:iam::${account_id}:role/analytics-ecr-scan-lambda-role*",
        "arn:aws:iam::${account_id}:role/analytics-provisioner-lambda-role*",
        "arn:aws:iam::${account_id}:role/analytics-gdpr-lambda-role*"
      ],
      "Condition": {
        "StringEquals": {
          "iam:PassedToService": "lambda.amazonaws.com"
        }
      }
    },
    {
      "Sid": "IAMActionsEC2",
      "Effect": "Allow",
      "Action": [
        "iam:PassRole"
      ],
      "Resource": [
        "arn:aws:iam::${account_id}:role/ec2/analytics-etl-ecs-*-instancerole*",
        "arn:aws:iam::${account_id}:role/analytics-etl-ecstask-*-execution-role*",
        "arn:aws:iam::${account_id}:role/analytics-etl-ecstask-*-task-role*"
      ],
      "Condition": {
        "StringEquals": {
          "iam:PassedToService": [
            "ecs.amazonaws.com",
            "ecr.amazonaws.com",
            "ecs-tasks.amazonaws.com",
            "ec2.amazonaws.com",
            "autoscaling.amazonaws.com"
          ]
        }
      }
    },
    {
      "Sid": "IAMActionsRedshift",
      "Effect": "Allow",
      "Action": [
        "iam:PassRole"
      ],
      "Resource": [
        "arn:aws:iam::${account_id}:role/analytics-dataservices-redshift-role*"
      ],
      "Condition": {
        "StringEquals": {
          "iam:PassedToService": [
            "redshift.amazonaws.com"
          ]
        }
      }
    },
    {
      "Sid": "EC2Actions",
      "Effect": "Allow",
      "Action": [
        "ec2:AuthorizeSecurityGroupIngress",
        "ec2:AttachInternetGateway",
        "ec2:UpdateSecurityGroupRuleDescriptionsIngress",
        "ec2:DeleteRouteTable",
        "ec2:RevokeSecurityGroupEgress",
        "ec2:CreateRoute",
        "ec2:CreateInternetGateway",
        "ec2:DeleteInternetGateway",
        "ec2:CreateTags",
        "ec2:CreateInstanceConnectEndpoint",
        "ec2:RunInstances",
        "ec2:DisassociateRouteTable",
        "ec2:CreateVolume",
        "ec2:RevokeSecurityGroupIngress",
        "ec2:CreateNetworkInterface",
        "ec2:ModifyNetworkInterfaceAttribute",
        "ec2:DeleteNatGateway",
        "ec2:CreateSubnet",
        "ec2:DeleteNetworkAclEntry",
        "ec2:DisassociateAddress",
        "ec2:AssociateAddress",
        "ec2:DeleteInstanceConnectEndpoint",
        "ec2:CreateNatGateway",
        "ec2:CreateVpc",
        "ec2:ReleaseAddress",
        "ec2:DeleteLaunchTemplate",
        "ec2:CreateLaunchTemplate",
        "ec2:DeleteLaunchTemplateVersions",
        "ec2:DeleteSubnet",
        "ec2:AssociateRouteTable",
        "ec2:DeleteVolume",
        "ec2:CreateRouteTable",
        "ec2:DetachInternetGateway",
        "ec2:DeleteVpc",
        "ec2:CreateSecurityGroup",
        "ec2:ModifyVpcAttribute",
        "ec2:AuthorizeSecurityGroupEgress",
        "ec2:DetachNetworkInterface",
        "ec2:AllocateAddress",
        "ec2:CreateLaunchTemplateVersion",
        "ec2:DeleteSecurityGroup",
        "ec2:ModifyLaunchTemplate",
        "ec2:DeleteRoute",
        "ec2:CreateNetworkAclEntry",
        "ec2:DeleteNetworkInterface",
        "ec2:DeleteTags",
        "ec2:MonitorInstances",
        "ec2:UnmonitorInstances",
        "ec2:ModifySecurityGroupRules",
        "ec2:CreateVpcEndpoint",
        "ec2:DeleteVpcEndpoints",
        "ec2:ModifyVpcEndpoint",
        "ec2:AssignIpv6Addresses",
        "ec2:UnassignIpv6Addresses",
        "ec2:CreateVpcPeeringConnection",
        "ec2:DeleteVpcPeeringConnection",
        "ec2:AcceptVpcPeeringConnection",
        "ec2:ModifyVpcPeeringConnectionOptions"
      ],
      "Resource": [
        "arn:aws:ec2:*:${account_id}:volume/*",
        "arn:aws:ec2:*:${account_id}:instance/*",
        "arn:aws:ec2:*:${account_id}:elastic-ip/*",
        "arn:aws:ec2:*:${account_id}:network-interface/*",
        "arn:aws:ec2:*:${account_id}:natgateway/*",
        "arn:aws:ec2:*:${account_id}:security-group/*",
        "arn:aws:ec2:*:${account_id}:subnet/*",
        "arn:aws:ec2:*:${account_id}:vpc/*",
        "arn:aws:ec2:*:${account_id}:vpc-endpoint/*",
        "arn:aws:ec2:*:${account_id}:route-table/*",
        "arn:aws:ec2:*:${account_id}:internet-gateway/*",
        "arn:aws:ec2:*:${account_id}:network-acl/*",
        "arn:aws:ec2:*:${account_id}:launch-template/*",
        "arn:aws:ec2:*:${account_id}:instance-connect-endpoint/*",
        "arn:aws:ec2:*:${account_id}:security-group-rule/*",
        "arn:aws:ec2:*:${account_id}:vpc-peering-connection/*",
        "arn:aws:ec2:*:${account_id}:key-pair/analytics-etl*",
        "arn:aws:ec2:*::image/*"
      ]
    },
    {
      "Sid": "EC2ActionsDisassociate",
      "Effect": "Allow",
      "Action": [
        "ec2:DisassociateAddress",
        "ec2:AssociateAddress"
      ],
      "Resource": [
        "arn:aws:ec2:*:${account_id}:instance/*",
        "arn:aws:ec2:*:${account_id}:elastic-ip/*",
        "arn:aws:ec2:*:${account_id}:network-interface/*"
      ],
      "Condition": {
        "StringEquals": {
          "aws:ResourceTag/Project": "analytics"
        }
      }
    },
    {
      "Sid": "EC2ActionsDescribe",
      "Effect": "Allow",
      "Action": [
        "ec2:Describe*"
      ],
      "Resource": [
        "*"
      ]
    }
  ]
}
