{
  "Version": "2012-10-17",
  "Statement": [
    {
      "Sid": "AllowGetAndPutS3ActionsOnSpecifiedTerragruntBucketPath",
      "Effect": "Allow",
      "Action": [
        "s3:PutObject",
        "s3:GetObject"
      ],
      "Resource": [
        "arn:aws:s3:::analytics-tf-state-*/*"
      ]
    },
    {
      "Sid": "AllowCreateAndListS3ActionsOnSpecifiedTerragruntBucket",
      "Effect": "Allow",
      "Action": [
        "s3:GetBucketPublicAccessBlock",
        "s3:PutBucketPublicAccessBlock",
        "s3:GetBucketLogging",
        "s3:PutBucketOwnershipControls",
        "s3:CreateBucket",
        "s3:ListBucket",
        "s3:GetBucketVersioning",
        "s3:GetBucketAcl",
        "s3:GetBucketPolicy",
        "s3:PutEncryptionConfiguration",
        "s3:GetEncryptionConfiguration",
        "s3:PutBucketTagging",
        "s3:PutBucketLogging",
        "s3:PutLifecycleConfiguration",
        "s3:PutBucketAcl",
        "s3:PutBucketPolicy",
        "s3:PutBucketVersioning"
      ],
      "Resource": [
        "arn:aws:s3:::analytics-tf-state-*"
      ]
    },
    {
      "Sid": "AllowCreateAndUpdateDynamoDBActionsOnSpecifiedTerragruntTable",
      "Effect": "Allow",
      "Action": [
        "dynamodb:PutItem",
        "dynamodb:GetItem",
        "dynamodb:DescribeTable",
        "dynamodb:DeleteItem",
        "dynamodb:CreateTable"
      ],
      "Resource": [
        "arn:aws:dynamodb:*:*:table/tf-locks"
      ]
    }
  ]
}
