{
  "steps": [
    {
      "stepType": "runWizard",
      "stepData": {
        "wizardType": "cvpServer",
        "wizardData": {
          "mode": "Add",
          "serverType": "OperationsConsole",
          "resourceName": "hllo",
          "userName": "administrator",
          "password": "!Pa55word123",
          "serverName": "USQACVP120OPPP",
          "serverAddress": "10.32.90.111",
          "url": "https://10.10.43.245:8443/axl/",
          "version": "12"
        }
      }
    }
  ]
}