﻿<IcmConfiguration>
  <Version DbVersion="232.0" BaseDbVersion="231.0" DisplayName="12.6" ImportVersion="12.6" Provisionable="True" ScriptSupport="True" Enabled="True" TidemarkSupport="True" />
  <Version DbVersion="231.0" BaseDbVersion="223.0" DisplayName="12.6" ImportVersion="12.6" Provisionable="True" ScriptSupport="True" Enabled="True" TidemarkSupport="True">
    <Dimensions>
      <!-- New fields added -->
      <Dimension Name="AgentDesktop" TidemarkSupport="True"/>
	  <Dimension Name="Person" TidemarkSupport="True"/>
	  <Dimension Name="CallType" TidemarkSupport="True"/>
	  <Dimension Name="Agent" TidemarkSupport="True"/>
    </Dimensions>
  </Version>
  <Version DbVersion="223.0" BaseDbVersion="222.0" DisplayName="12.5" ImportVersion="12.0" Provisionable="True" ScriptSupport="True" Enabled="True" TidemarkSupport="True" />
  <Version DbVersion="222.0" BaseDbVersion="221.0" DisplayName="12.5" ImportVersion="12.0" Provisionable="True" ScriptSupport="True" Enabled="True" TidemarkSupport="True" />
  <Version DbVersion="221.0" BaseDbVersion="204.0" DisplayName="12.5" ImportVersion="12.0" Provisionable="True" ScriptSupport="True" Enabled="True" TidemarkSupport="True" />
  <Version DbVersion="204.0" BaseDbVersion="203.0" DisplayName="12.0" ImportVersion="12.0" Provisionable="True" ScriptSupport="True" Enabled="True" TidemarkSupport="True" />
  <Version DbVersion="203.0" BaseDbVersion="202.1" DisplayName="12.0" ImportVersion="12.0" Provisionable="True" ScriptSupport="True" Enabled="True" TidemarkSupport="True">
    <Dimensions>
        <!-- New Dimension added -->
        <Dimension Name="ECCPayload" TidemarkSupport="True"/>
    </Dimensions>  
    <Members>  
		    <!-- New Member Added -->
        <Member Name="ExpandedCallVariableECCPayload" TidemarkSupport="False"/>
    </Members>
  </Version>
  <Version DbVersion="202.1" BaseDbVersion="202.0" DisplayName="12.0" ImportVersion="12.0" Provisionable="True" ScriptSupport="True" Enabled="True" TidemarkSupport="True" />
  <Version DbVersion="202.0" BaseDbVersion="188.1" DisplayName="12.0" ImportVersion="12.0" Provisionable="True" ScriptSupport="True" Enabled="True" TidemarkSupport="True" />
  <Version DbVersion="188.1" BaseDbVersion="188.0" DisplayName="11.6" ImportVersion="11.5" Provisionable="True" ScriptSupport="True" Enabled="True" TidemarkSupport="True" />      
  <Version DbVersion="188.0" BaseDbVersion="187.0" DisplayName="11.5" ImportVersion="11.5" Provisionable="True" ScriptSupport="True" Enabled="True" TidemarkSupport="True" />      
  <Version DbVersion="187.0" BaseDbVersion="181.3" DisplayName="11.5" ImportVersion="11.5" Provisionable="True" ScriptSupport="True" Enabled="True" TidemarkSupport="True">
    <Dimensions>
        <!-- New fields added -->
        <Dimension Name="Person" TidemarkSupport="True"/>
    </Dimensions>  
    <Members>  
        <Member Name="PrecisionQueueMediaRoutingDomain" TidemarkSupport="True"/>
    </Members>
  </Version>
  <Version DbVersion="181.3" BaseDbVersion="175.3" DisplayName="11.0" ImportVersion="11.0" Provisionable="True" ScriptSupport="True" Enabled="True" TidemarkSupport="True" />
  <Version DbVersion="175.3" BaseDbVersion="175.2" DisplayName="10.5" ImportVersion="10.0" Provisionable="True" ScriptSupport="True" Enabled="True" TidemarkSupport="True" />
  <Version DbVersion="175.2" BaseDbVersion="175.0" DisplayName="10.0" ImportVersion="10.0" Provisionable="True" ScriptSupport="True" Enabled="True" TidemarkSupport="True">
    <Dimensions>
      <Dimension Name="Administrator" TidemarkSupport="True" CustomImport="True"/>
    </Dimensions>
  </Version>
  <Version DbVersion="175.0" BaseDbVersion="174.0" DisplayName="10.0" ImportVersion="10.0" Provisionable="True" ScriptSupport="True" Enabled="True" TidemarkSupport="True"/>
  <Version DbVersion="174.0" BaseDbVersion="173.0" DisplayName="10.0" ImportVersion="10.0" Provisionable="True" ScriptSupport="True" Enabled="True" TidemarkSupport="True">
    <Dimensions>	
	  <Dimension Name="PrecisionQueueStep" TidemarkSupport="True"/>
	  <Dimension Name="Department" TidemarkSupport="True"/>
	  <Dimension Name="Agent" TidemarkSupport="True"/>
	</Dimensions>
	<Members>	  
      <Member Name="AgentSkillGroup" TidemarkSupport="True"/>
      <Member Name="SkillGroupCampaign" TidemarkSupport="True"/>
	  <Member Name="AgentPrecisionAttribute" TidemarkSupport="True"/>	  
      <Member Name="DialedNumberRoutingClient" TidemarkSupport="True"/>
      <Member Name="LabelRoutingClient" TidemarkSupport="True"/>
      <Member Name="ScriptRoutingScript" TidemarkSupport="True"/>
      <Member Name="AgentAgentDesktop" TidemarkSupport="True"/>
      <Member Name="AgentPeripheral" TidemarkSupport="True"/>
      <Member Name="AgentPerson" TidemarkSupport="True"/>
      <Member Name="AgentTeamPeripheral" TidemarkSupport="True"/>
      <Member Name="AgentTeamDialedNumber" TidemarkSupport="True"/>
      <Member Name="AgentDesktopDialedNumber" TidemarkSupport="True"/>
      <Member Name="PeripheralLogicalInterfaceController" TidemarkSupport="True"/>	  
      <Member Name="PhysicalControllerLogicalController" TidemarkSupport="True"/>	  
      <Member Name="RoutingClientPeripheral" TidemarkSupport="True"/>
      <Member Name="ServicePeripheral" TidemarkSupport="True"/>
      <Member Name="SkillGroupPeripheral" TidemarkSupport="True"/>
      <Member Name="TrunkTrunkGroup" TidemarkSupport="True"/>
      <Member Name="TrunkGroupNetworkTrunkGroup" TidemarkSupport="True"/>
      <Member Name="CallTypeBucketInterval" TidemarkSupport="True"/>
      <Member Name="DialedNumberMediaRoutingDomain" TidemarkSupport="True"/>
      <Member Name="SkillGroupMediaRoutingDomain" TidemarkSupport="True"/>
      <Member Name="MediaRoutingDomainMediaClass" TidemarkSupport="True"/>
      <Member Name="NetworkVruScriptNetworkVru" TidemarkSupport="True"/>
      <Member Name="RouteSkillGroup" TidemarkSupport="True"/>	  	  
	  <Member Name="PrecisionQueueBucketInterval" TidemarkSupport="True"/>	  
	  <Member Name="PrecisionQueueStepPrecisionQueue" TidemarkSupport="True"/>	  
      <Member Name="QueryRuleImportRule" TidemarkSupport="True"/>	  
      <Member Name="CallTypeBucketInterval" TidemarkSupport="True"/>
    </Members>
  </Version>
  <Version DbVersion="173.0" BaseDbVersion="172.0" DisplayName="10.0" ImportVersion="10.0" Provisionable="True" ScriptSupport="True" Enabled="True"/>	
  <Version DbVersion="172.0" BaseDbVersion="171.1" DisplayName="10.0" ImportVersion="10.0" Provisionable="True" ScriptSupport="True" Enabled="True"/>
  <Version DbVersion="171.1" BaseDbVersion="162.2" DisplayName="10.0" ImportVersion="10.0" Provisionable="True" ScriptSupport="True" Enabled="True"/>
  <Version DbVersion="162.2" BaseDbVersion="161.0" DisplayName="9.0" ImportVersion="9.0" Provisionable="True" ScriptSupport="True" Enabled="True"/>
  <Version DbVersion="161.0" BaseDbVersion="127.0" DisplayName="9.0" ImportVersion="9.0" Provisionable="True" ScriptSupport="True" Enabled="True">
    <Dimensions>
      <Dimension Name="PrecisionAttribute" TidemarkSupport="True"/>
	  <Dimension Name="PrecisionQueue" TidemarkSupport="True"/>
	  <Dimension Name="PrecisionQueueStep"/>
	  <Dimension Name="SkillGroup" TidemarkSupport="True"/>
	  <Dimension Name="TranslationRoute" TidemarkSupport="True"/>
    </Dimensions>
    <Members>
	  <Member Name="PrecisionQueueStepPrecisionAttribute" TidemarkSupport="True" />
	  <Member Name="PrecisionQueueBucketInterval"/>
	  <Member Name="AgentPrecisionAttribute"/>
	  <Member Name="PrecisionQueueStepPrecisionQueue"/>
    </Members>
	<Configurations>
		<!-- Additional capacity info made available via web service -->
		<Configuration Name="ConfigurationLimit" CustomImport="True"/>
		<Configuration Name="DeploymentType" CustomImport="True"/>
	</Configurations>
  </Version>
  <Version DbVersion="127.0" BaseDbVersion="124.2" DisplayName="8.0" ImportVersion="8.0" Provisionable="True" ScriptSupport="True" Enabled="True"/>
  <Version DbVersion="124.2" BaseDbVersion="124.0" DisplayName="8.0" ImportVersion="8.0" Provisionable="True" ScriptSupport="True" Enabled="True"/>
  <Version DbVersion="124.0" BaseDbVersion="122.0" DisplayName="8.0" ImportVersion="8.0" Provisionable="True" ScriptSupport="True" Enabled="True"/>
  <Version DbVersion="122.0" BaseDbVersion="111.4" DisplayName="8.0" ImportVersion="8.0" Provisionable="True" ScriptSupport="True" Enabled="True">
    <Members>
      <!-- New field added to agent skill group -->
      <Member Name="AgentSkillGroup"/>
    </Members>
  </Version>
  <Version DbVersion="111.4" BaseDbVersion="111.0" DisplayName="7.5" ImportVersion="7.5" Provisionable="True" ScriptSupport="True" Enabled="True"/>
  <Version DbVersion="111.0" BaseDbVersion="97.0" DisplayName="7.5" ImportVersion="7.5" Provisionable="True" ScriptSupport="True" Enabled="True">  
    <Dimensions>
      <!-- New fields added -->
      <Dimension Name="Peripheral" TidemarkSupport="True"/>
    </Dimensions>
  </Version>
  <Version DbVersion="97.0" BaseDbVersion="96.0" DisplayName="7.2" ImportVersion="7.2" Provisionable="True" ScriptSupport="False" Enabled="True">
	<Configurations>
		<Configuration Name="ConfigurationLimit" CustomImport="True"/>
	</Configurations>
  </Version>
  <Version DbVersion="96.0" BaseDbVersion="95.1" DisplayName="7.1" ImportVersion="7.1" Provisionable="True" ScriptSupport="False" Enabled="True">
    <Dimensions>
      <!-- New fields added -->
      <Dimension Name="AgentDesktop" TidemarkSupport="True"/>
    </Dimensions>
  </Version>
  <Version DbVersion="95.1" BaseDbVersion="84.3" DisplayName="7.0" ImportVersion="7.0" Provisionable="True" ScriptSupport="False" Enabled="True">
    <Dimensions>
      <!-- New dimensions added -->
      <Dimension Name="ImportRule" TidemarkSupport="True"/>
      <!-- New fields added -->
      <Dimension Name="Agent" TidemarkSupport="True"/>
      <Dimension Name="Campaign" TidemarkSupport="True"/>
      <Dimension Name="DialedNumber" TidemarkSupport="True"/>
      <Dimension Name="ExpandedCallVariable" TidemarkSupport="True"/>
      <Dimension Name="Service" TidemarkSupport="True"/>
      <Dimension Name="SkillGroup" TidemarkSupport="True"/>
    </Dimensions>
    <Members>
      <!-- New members added -->
      <Member Name="QueryRuleCampaign"/>
      <Member Name="SkillGroupCampaign"/>
      <Member Name="QueryRuleImportRule"/>
      <Member Name="ServiceMediaRoutingDomain"/>
    </Members>
  </Version>
  <Version DbVersion="84.3" BaseDbVersion="84.0" DisplayName="6.0" ImportVersion="6.0" Provisionable="True" ScriptSupport="False" Enabled="True"/>
  <Version DbVersion="84.0" BaseDbVersion="75.1" DisplayName="6.0" ImportVersion="6.0" Provisionable="True" ScriptSupport="False" Enabled="True">
    <Dimensions>
      <!-- New dimensions added -->
      <Dimension Name="BucketInterval" TidemarkSupport="True"/>
      <Dimension Name="ReasonCode" TidemarkSupport="True"/>
      <!-- New fields added -->
      <Dimension Name="Campaign" TidemarkSupport="True"/>
    </Dimensions>
    <Members>
      <!-- New members added -->
      <Member Name="CallTypeBucketInterval"/>
    </Members>
  </Version>
  <Version DbVersion="75.1" DisplayName="5.0" ImportVersion="5.0" Provisionable="True" ScriptSupport="False" Enabled="True">
    <Dimensions>
      <!-- New dimensions added -->
      <Dimension Name="Tenant" TidemarkSupport="True"/>
      <Dimension Name="CallType" TidemarkSupport="True"/>
      <Dimension Name="DialedNumber" TidemarkSupport="True"/>
      <Dimension Name="Label" TidemarkSupport="True"/>
      <Dimension Name="RoutingClient" TidemarkSupport="True"/>
      <Dimension Name="RoutingScript" TidemarkSupport="True"/>
      <Dimension Name="ScheduledTarget" TidemarkSupport="True"/>
      <Dimension Name="Script" TidemarkSupport="True" CustomImport="True"/>
      <Dimension Name="Route" TidemarkSupport="True"/>
      <Dimension Name="Agent" TidemarkSupport="True"/>
      <Dimension Name="AgentDesktop" TidemarkSupport="True"/>
      <Dimension Name="AgentTeam" TidemarkSupport="True"/>
      <Dimension Name="Announcement" TidemarkSupport="True"/>
      <Dimension Name="ApplicationGateway" TidemarkSupport="True"/>
      <Dimension Name="Campaign" TidemarkSupport="True"/>
      <Dimension Name="Dialer" TidemarkSupport="True"/>
      <Dimension Name="EnterpriseRoute" TidemarkSupport="True"/>
      <Dimension Name="EnterpriseService" TidemarkSupport="True"/>
      <Dimension Name="EnterpriseSkillGroup" TidemarkSupport="True"/>
      <Dimension Name="ExpandedCallVariable" TidemarkSupport="True"/>
      <Dimension Name="ICRInstance" TidemarkSupport="True"/>
      <Dimension Name="LogicalInterfaceController" TidemarkSupport="True"/>
      <Dimension Name="MediaClass" TidemarkSupport="True"/>
      <Dimension Name="MediaRoutingDomain" TidemarkSupport="True"/>
      <Dimension Name="NetworkTrunkGroup" TidemarkSupport="True"/>
      <Dimension Name="NetworkVru" TidemarkSupport="True"/>
      <Dimension Name="NetworkVruScript" TidemarkSupport="True"/>
      <Dimension Name="Peripheral" TidemarkSupport="True"/>
      <Dimension Name="Person" TidemarkSupport="True"/>
      <Dimension Name="PhysicalInterfaceController" TidemarkSupport="True"/>
      <Dimension Name="QueryRule" TidemarkSupport="True"/>
      <Dimension Name="Region" TidemarkSupport="True"/>
      <Dimension Name="Service" TidemarkSupport="True"/>
      <Dimension Name="SkillGroup" TidemarkSupport="True"/>
      <Dimension Name="Trunk" TidemarkSupport="True"/>
      <Dimension Name="TrunkGroup" TidemarkSupport="True"/>
      <Dimension Name="UserVariable" TidemarkSupport="True"/>
      <Dimension Name="DeviceTarget" TidemarkSupport="True"/>
    </Dimensions>
    <Members>
      <!-- New members added -->
      <Member Name="LabelDialedNumber" />
      <Member Name="DialedNumberRoutingClient" />
      <Member Name="DialedNumberCallType"  />
      <Member Name="LabelRoutingClient" />
      <Member Name="ScriptRoutingScript"  />
      <Member Name="AgentSkillGroup" />
      <Member Name="RouteEnterpriseRoute" />
      <Member Name="ServiceEnterpriseService" />
      <Member Name="SkillGroupEnterpriseSkillGroup" />
      <Member Name="SkillGroupService" />
      <Member Name="AgentAgentDesktop" />
      <Member Name="AgentPeripheral" />
      <Member Name="AgentPerson" />
      <Member Name="AgentTeamPeripheral" />
      <Member Name="AgentTeamDialedNumber" />
      <Member Name="AgentDesktopDialedNumber" />
      <Member Name="PeripheralLogicalInterfaceController" />
      <Member Name="PhysicalControllerLogicalController" />
      <Member Name="RoutingClientPeripheral" />
      <Member Name="ServicePeripheral" />
      <Member Name="SkillGroupPeripheral" />
      <Member Name="TrunkTrunkGroup" />
      <Member Name="TrunkGroupNetworkTrunkGroup" />
      <Member Name="AgentAgentTeam"  />
      <Member Name="CallTypeBucketInterval" />
      <Member Name="DialedNumberMediaRoutingDomain" />
      <Member Name="SkillGroupMediaRoutingDomain" />
      <Member Name="MediaRoutingDomainMediaClass" />
      <Member Name="NetworkVruScriptNetworkVru" />
      <Member Name="RouteSkillGroup" />
      <Member Name="CallTypeRoutingScript" />
    </Members>
  </Version>
</IcmConfiguration>
