{
  "tb_fct_call_detail_end": [
    {"name": "cli_string", "length": 32},
    {"name": "cv1", "length": 40},
    {"name": "cv2", "length": 40},
    {"name": "cv3", "length": 40},
    {"name": "cv4", "length": 40},
    {"name": "cv5", "length": 40},
    {"name": "cv6", "length": 40},
    {"name": "cv7", "length": 40},
    {"name": "cv8", "length": 40},
    {"name": "cv9", "length": 40},
    {"name": "cv10", "length": 40},
    {"name": "dialed_number_text", "length": 64},
    {"name": "wrapup_data", "length": 40}
  ],
  "tb_fct_call_detail_leg": [
    {"name": "cli_string", "length": 32}
  ],
  "tb_fct_dialer_detail": [
    {"name": "callback_phone", "length": 20},
    {"name": "phone", "length": 20},
    {"name": "first_name", "length": 50},
    {"name": "last_name", "length": 50}
  ],
  "tb_fct_contact_leg_solve": [
    {"name": "email_ani", "length": 1024}
  ],
  "tb_fct_cms_agent_state_trace": [
    {"name": "calling_pty", "length": 24}
  ],
  "tb_fct_cms_call_record": [
    {"name": "calling_pty", "length": 24}
  ],
  "tb_fct_ivr_call": [
    {"name": "cli_string", "length": 32}
  ],
  "tb_fct_ivr_callback": [
    {"name": "ani_string", "length": 32}
  ]
}
