<?xml version="1.0"?>
<doc>
    <assembly>
        <name>Egain.Identity.Web</name>
    </assembly>
    <members>
        <member name="T:Egain.Identity.Web.DeploymentOptions">
            <summary>
            Deployment Options
            </summary>
        </member>
        <member name="P:Egain.Identity.Web.DeploymentOptions.ClientId">
            <summary>
            Client Id
            </summary>
        </member>
        <member name="P:Egain.Identity.Web.DeploymentOptions.ClientSecret">
            <summary>
            Client Secret
            </summary>
        </member>
        <member name="P:Egain.Identity.Web.DeploymentOptions.TenantId">
            <summary>
            Tenant Id
            </summary>
        </member>
        <member name="M:Egain.Identity.Web.HttpContextExtensions.StoreTokenUsedToCallWebApi(Microsoft.AspNetCore.Http.HttpContext,Microsoft.IdentityModel.Tokens.SecurityToken)">
            <summary>
            Keep the validated token associated with the HTTP request.
            </summary>
            <param name="httpContext">HTTP context.</param>
            <param name="token">Token to preserve after the token is validated so that
            it can be used in the actions.</param>
        </member>
        <member name="M:Egain.Identity.Web.HttpContextExtensions.GetTokenUsedToCallWebApi(Microsoft.AspNetCore.Http.HttpContext)">
            <summary>
            Get the parsed information about the token used to call the web API.
            </summary>
            <param name="httpContext">HTTP context associated with the current request.</param>
            <returns><see cref="T:Microsoft.IdentityModel.Tokens.SecurityToken"/> used to call the web API.</returns>
        </member>
        <member name="T:Egain.Identity.Web.IDeploymentConfiguration">
            <summary>
            IDeploymentConfiguration interface
            </summary>
        </member>
        <member name="M:Egain.Identity.Web.IDeploymentConfiguration.GetAsync(System.String)">
            <summary>
            GetAsync
            </summary>
            <param name="configName"></param>
            <returns></returns>
        </member>
        <member name="T:Egain.Identity.Web.MergedOptions">
            <summary>
            Options for configuring authentication using Azure Active Directory. It has both AAD and B2C configuration attributes.
            Merges the MicrosoftIdentityWebOptions and the ConfidentialClientApplicationOptions.
            </summary>
        </member>
        <member name="P:Egain.Identity.Web.MergedOptions.IsB2C">
            <summary>
            Is considered B2C if the attribute SignUpSignInPolicyId is defined.
            </summary>
        </member>
        <member name="T:Egain.Identity.Web.MicrosoftGraph.BaseRequestExtensions">
            <summary>
            Extension methods for Graph requests
            </summary>
        </member>
        <member name="M:Egain.Identity.Web.MicrosoftGraph.BaseRequestExtensions.WithDeploymentKey``1(``0,System.String)">
            <summary>
            Applied to a request, expresses to use app only permissions for Graph.
            </summary>
            <typeparam name="T">Type of the request.</typeparam>
            <param name="baseRequest">Request.</param>
            <param name="key">Deployment key for which we want to make the call..</param>
            <returns></returns>
        </member>
        <member name="T:Egain.Identity.Web.MicrosoftGraph.MicrosoftGraphExtensions">
            <summary>
            Extensions methods on a MicrosoftIdentityAppCallingWebApiAuthenticationBuilder builder
            to add support to call Microsoft Graph.
            </summary>
        </member>
        <member name="M:Egain.Identity.Web.MicrosoftGraph.MicrosoftGraphExtensions.AddMicrosoftGraph(Egain.Identity.Web.EgainIdentityAppCallsWebApiAuthenticationBuilder,Microsoft.Extensions.Configuration.IConfigurationSection)">
            <summary>
            Add support to call Microsoft Graph. From a named option and a configuration section.
            </summary>
            <param name="builder">Builder.</param>
            <param name="configurationSection">Configuration section.</param>
            <returns>The builder to chain.</returns>
        </member>
        <member name="M:Egain.Identity.Web.MicrosoftGraph.MicrosoftGraphExtensions.AddMicrosoftGraph(Egain.Identity.Web.EgainIdentityAppCallsWebApiAuthenticationBuilder,System.Action{Microsoft.Identity.Web.MicrosoftGraphOptions},System.Func{Microsoft.Graph.IAuthenticationProvider,Microsoft.Identity.Web.MicrosoftGraphOptions,Microsoft.Graph.GraphServiceClient})">
            <summary>
            Add support to call Microsoft Graph.  
            </summary>
            <param name="builder">Builder.</param>
            <param name="configureMicrosoftGraphOptions">Method to configure the options.</param>
            <param name="graphServiceClientFactory"></param>
            <returns>The builder to chain.</returns>
        </member>
        <member name="M:Egain.Identity.Web.TokenAcquisitionAuthenticationProvider.AuthenticateRequestAsync(System.Net.Http.HttpRequestMessage)">
            <summary>
            Adds an authorization header to an HttpRequestMessage.
            </summary>
            <param name="request">HttpRequest message to authenticate.</param>
            <returns>A Task (as this is an async method).</returns>
        </member>
        <member name="M:Egain.Identity.Web.TokenAcquisitionAuthenticationProvider.GetEgainAuthProviderOption(System.Net.Http.HttpRequestMessage)">
            <summary>
            Extract TokenAcquisitionAuthenticationProviderOption from request.Properties if it is present
            </summary>
            <param name="httpRequestMessage">Current request message</param>
            <returns>Options set for just this request.</returns>
        </member>
        <member name="T:Egain.Identity.Web.RegisterValidAudience">
            <summary>
            Generic class that registers the token audience from the provided Azure AD authority.
            </summary>
        </member>
        <member name="M:Egain.Identity.Web.RegisterValidAudience.ValidateAudience(System.Collections.Generic.IEnumerable{System.String},Microsoft.IdentityModel.Tokens.SecurityToken,Microsoft.IdentityModel.Tokens.TokenValidationParameters)">
             <summary>
             Default validation of the audience:
             - when registering an Azure AD web API in the app registration portal (and adding a scope)
               the default App ID URI generated by the portal is api://{clientID}
             - However, the audience (aud) of the token acquired to access this web API is different depending
               on the "accepted access token version" for the web API:
               - if accepted token version is 1.0, the audience provided in the token
                 by the Microsoft identity platform (formerly Azure AD v2.0) endpoint is: api://{ClientID}
               - if the accepted token version is 2.0, the audience provided by Azure AD v2.0 in the token
                 is {ClientID}
              When getting an access token for an Azure AD B2C web API the audience in the token is
              api://{ClientID}.
            
             When web API developers don't provide the "Audience" in the configuration, Microsoft.Identity.Web
             considers that this is the default App ID URI as explained above. When developer provides the
             "Audience" member, it's available in the TokenValidationParameter.ValidAudience.
             </summary>
             <param name="audiences">Audiences in the security token.</param>
             <param name="securityToken">Security token from which to validate the audiences.</param>
             <param name="validationParameters">Token validation parameters.</param>
             <returns>True if the token is valid; false, otherwise.</returns>
        </member>
        <member name="T:Egain.Identity.Web.TokenAcquisition">
            <summary>
            Token acquisition service.
            </summary>
        </member>
        <member name="M:Egain.Identity.Web.TokenAcquisition.#ctor(Microsoft.Identity.Web.TokenCacheProviders.IMsalTokenCacheProvider,Microsoft.AspNetCore.Http.IHttpContextAccessor,Microsoft.Extensions.Options.IOptionsMonitor{Egain.Identity.Web.MergedOptions},System.Net.Http.IHttpClientFactory,Microsoft.Extensions.Logging.ILogger{Egain.Identity.Web.TokenAcquisition},System.IServiceProvider)">
            <summary>
            Constructor of the TokenAcquisition service. This requires the Azure AD Options to
            configure the confidential client application and a token cache provider.
            This constructor is called by ASP.NET Core dependency injection.
            </summary>
            <param name="tokenCacheProvider">The App token cache provider.</param>
            <param name="httpContextAccessor">Access to the HttpContext of the request.</param>
            <param name="mergedOptionsMonitor">Configuration options.</param>
            <param name="httpClientFactory">HTTP client factory.</param>
            <param name="logger">Logger.</param>
            <param name="serviceProvider">Service provider.</param>
        </member>
        <member name="F:Egain.Identity.Web.TokenAcquisition._scopesRequestedByMsal">
            <summary>
            Scopes which are already requested by MSAL.NET. They should not be re-requested;.
            </summary>
        </member>
        <member name="F:Egain.Identity.Web.TokenAcquisition._metaTenantIdentifiers">
            <summary>
            Meta-tenant identifiers which are not allowed in client credentials.
            </summary>
        </member>
        <member name="M:Egain.Identity.Web.TokenAcquisition.GetAuthenticationResultForAppAsync(System.String,System.String,Microsoft.Identity.Web.TokenAcquisitionOptions)">
            <summary>
            Acquires an authentication result from the authority configured in the app, for the confidential client itself (not on behalf of a user)
            using the client credentials flow. See https://aka.ms/msal-net-client-credentials.
            </summary>
            <param name="scope">The scope requested to access a protected API. For this flow (client credentials), the scope
            should be of the form "{ResourceIdUri/.default}" for instance <c>https://management.azure.net/.default</c> or, for Microsoft
            Graph, <c>https://graph.microsoft.com/.default</c> as the requested scopes are defined statically with the application registration
            in the portal, and cannot be overridden in the application, as you can request a token for only one resource at a time (use
            several calls to get tokens for other resources).</param>
            <param name="tenant">Enables overriding of the tenant/account for the same identity. This is useful
            for multi tenant apps or daemons.</param>
            <param name="tokenAcquisitionOptions">Options passed-in to create the token acquisition object which calls into MSAL .NET.</param>
            <returns>An authentication result for the app itself, based on its scopes.</returns>
        </member>
        <member name="M:Egain.Identity.Web.TokenAcquisition.GetAuthenticationResultForAppAsync(System.String,System.String,System.String,Microsoft.Identity.Web.TokenAcquisitionOptions)">
            <summary>
            Acquires an authentication result from the authority configured in the app, for the confidential client itself (not on behalf of a user)
            using the client credentials flow. See https://aka.ms/msal-net-client-credentials.
            </summary>
            <param name="scope">The scope requested to access a protected API. For this flow (client credentials), the scope
            should be of the form "{ResourceIdUri/.default}" for instance <c>https://management.azure.net/.default</c> or, for Microsoft
            Graph, <c>https://graph.microsoft.com/.default</c> as the requested scopes are defined statically with the application registration
            in the portal, and cannot be overridden in the application, as you can request a token for only one resource at a time (use
            several calls to get tokens for other resources).</param>
            <param name="authenticationScheme">AuthenticationScheme to use.</param>
            <param name="tenant">Enables overriding of the tenant/account for the same identity. This is useful
            for multi tenant apps or daemons.</param>
            <param name="tokenAcquisitionOptions">Options passed-in to create the token acquisition object which calls into MSAL .NET.</param>
            <returns>An authentication result for the app itself, based on its scopes.</returns>
        </member>
        <member name="M:Egain.Identity.Web.TokenAcquisition.GetAccessTokenForAppAsync(System.String,System.String,Microsoft.Identity.Web.TokenAcquisitionOptions)">
            <summary>
            Acquires a token from the authority configured in the app, for the confidential client itself (not on behalf of a user)
            using the client credentials flow. See https://aka.ms/msal-net-client-credentials.
            </summary>
            <param name="scope">The scope requested to access a protected API. For this flow (client credentials), the scope
            should be of the form "{ResourceIdUri/.default}" for instance <c>https://management.azure.net/.default</c> or, for Microsoft
            Graph, <c>https://graph.microsoft.com/.default</c> as the requested scopes are defined statically with the application registration
            in the portal, cannot be overridden in the application, as you can request a token for only one resource at a time (use
            several calls to get tokens for other resources).</param>
            <param name="tenant">Enables overriding of the tenant/account for the same identity. This is useful in the
            cases where a given account is a guest in other tenants, and you want to acquire tokens for a specific tenant.</param>
            <param name="tokenAcquisitionOptions">Options passed-in to create the token acquisition object which calls into MSAL .NET.</param>
            <returns>An access token for the app itself, based on its scopes.</returns>
        </member>
        <member name="M:Egain.Identity.Web.TokenAcquisition.GetAccessTokenForAppAsync(System.String,System.String,System.String,Microsoft.Identity.Web.TokenAcquisitionOptions)">
            <summary>
            Acquires a token from the authority configured in the app, for the confidential client itself (not on behalf of a user)
            using the client credentials flow. See https://aka.ms/msal-net-client-credentials.
            </summary>
            <param name="scope">The scope requested to access a protected API. For this flow (client credentials), the scope
            should be of the form "{ResourceIdUri/.default}" for instance <c>https://management.azure.net/.default</c> or, for Microsoft
            Graph, <c>https://graph.microsoft.com/.default</c> as the requested scopes are defined statically with the application registration
            in the portal, and cannot be overridden in the application, as you can request a token for only one resource at a time (use
            several calls to get tokens for other resources).</param>
            <param name="authenticationScheme">AuthenticationScheme to use.</param>
            <param name="tenant">Enables overriding of the tenant/account for the same identity. This is useful
            for multi tenant apps or daemons.</param>
            <param name="tokenAcquisitionOptions">Options passed-in to create the token acquisition object which calls into MSAL .NET.</param>
            <returns>An access token for the app itself, based on its scopes.</returns>
        </member>
        <member name="M:Egain.Identity.Web.TokenAcquisition.BuildConfidentialClientApplication(Egain.Identity.Web.MergedOptions,Egain.Identity.Web.DeploymentOptions)">
            <summary>
            Creates an MSAL confidential client application.
            </summary>
        </member>
        <member name="M:Egain.Identity.Web.TokenAcquisition.Logger.TokenAcquisitionError(Microsoft.Extensions.Logging.ILogger,System.String,System.Exception)">
            <summary>
            Logger for handling MSAL exceptions in TokenAcquisition.
            </summary>
            <param name="logger">ILogger.</param>
            <param name="msalErrorMessage">Specific log message from TokenAcquisition.</param>
            <param name="ex">Exception from MSAL.NET.</param>
        </member>
        <member name="T:Egain.Identity.Web.EgainIdentityWebApiAuthenticationBuilder">
            <summary>
            Authentication builder for a web API.
            </summary>
        </member>
        <member name="M:Egain.Identity.Web.EgainIdentityWebApiAuthenticationBuilder.#ctor(Microsoft.Extensions.DependencyInjection.IServiceCollection,System.String,System.Action{Microsoft.AspNetCore.Authentication.JwtBearer.JwtBearerOptions},System.Action{Microsoft.Identity.Web.MicrosoftIdentityOptions},Microsoft.Extensions.Configuration.IConfigurationSection)">
            <summary>
            Constructor.
            </summary>
            <param name="services">The services being configured.</param>
            <param name="jwtBearerAuthenticationScheme">Default scheme used for OpenIdConnect.</param>
            <param name="configureJwtBearerOptions">Action called to configure the JwtBearer options.</param>
            <param name="configureMicrosoftIdentityOptions">Action called to configure
            the <see cref="T:Microsoft.Identity.Web.MicrosoftIdentityOptions"/>Microsoft identity options.</param>
            <param name="configurationSection">Configuration section from which to
            get parameters.</param>
        </member>
        <member name="M:Egain.Identity.Web.EgainIdentityWebApiAuthenticationBuilder.EnableTokenAcquisitionToCallDownstreamApi(System.Action{Microsoft.Identity.Client.ConfidentialClientApplicationOptions})">
            <summary>
            Protects the web API with Microsoft identity platform (formerly Azure AD v2.0).
            </summary>
            <param name="configureConfidentialClientApplicationOptions">The action to configure <see cref="T:Microsoft.Identity.Client.ConfidentialClientApplicationOptions"/>.</param>
            <returns>The authentication builder to chain.</returns>
        </member>
        <member name="T:Egain.Identity.Web.EgainIdentityWebApiAuthenticationBuilderExtensions">
            <summary>
            Extensions for <see cref="T:Microsoft.AspNetCore.Authentication.AuthenticationBuilder"/> for startup initialization of web APIs.
            </summary>
        </member>
        <member name="M:Egain.Identity.Web.EgainIdentityWebApiAuthenticationBuilderExtensions.AddEgainIdentityWebApi(Microsoft.AspNetCore.Authentication.AuthenticationBuilder,Microsoft.Extensions.Configuration.IConfiguration,System.String,System.String,System.Boolean)">
            <summary>
            Protects the web API with Microsoft identity platform (formerly Azure AD v2.0).
            This method expects the configuration file will have a section, named "AzureAd" as default, with the necessary settings to initialize authentication options.
            </summary>
            <param name="builder">The <see cref="T:Microsoft.AspNetCore.Authentication.AuthenticationBuilder"/> to which to add this configuration.</param>
            <param name="configuration">The configuration instance.</param>
            <param name="configSectionName">The configuration section with the necessary settings to initialize authentication options.</param>
            <param name="jwtBearerScheme">The JWT bearer scheme name to be used. By default it uses "Bearer".</param>
            <param name="subscribeToJwtBearerMiddlewareDiagnosticsEvents">
            Set to true if you want to debug, or just understand the JWT bearer events.
            </param>
            <returns>The authentication builder to chain.</returns>
        </member>
        <member name="M:Egain.Identity.Web.EgainIdentityWebApiAuthenticationBuilderExtensions.AddEgainIdentityWebApi(Microsoft.AspNetCore.Authentication.AuthenticationBuilder,Microsoft.Extensions.Configuration.IConfigurationSection,System.String,System.Boolean)">
            <summary>
            Protects the web API with Microsoft identity platform (formerly Azure AD v2.0).
            This method expects the configuration file will have a section, named "AzureAd" as default, with the necessary settings to initialize authentication options.
            </summary>
            <param name="builder">The <see cref="T:Microsoft.AspNetCore.Authentication.AuthenticationBuilder"/> to which to add this configuration.</param>
            <param name="configurationSection">The configuration second from which to fill-in the options.</param>
            <param name="jwtBearerScheme">The JWT bearer scheme name to be used. By default it uses "Bearer".</param>
            <param name="subscribeToJwtBearerMiddlewareDiagnosticsEvents">
            Set to true if you want to debug, or just understand the JWT bearer events.
            </param>
            <returns>The authentication builder to chain.</returns>
        </member>
        <member name="T:Egain.Identity.Web.EgainIdentityWebApiAuthenticationBuilderWithConfiguration">
            <summary>
            Builder for web API authentication with configuration.
            </summary>
        </member>
        <member name="M:Egain.Identity.Web.EgainIdentityWebApiAuthenticationBuilderWithConfiguration.EnableTokenAcquisitionToCallDownstreamApi">
            <summary>
            Protects the web API with Microsoft identity platform (formerly Azure AD v2.0).
            This method expects the configuration file will have a section, named "AzureAd" as default, with the necessary settings to initialize authentication options.
            </summary>
            <returns>The authentication builder to chain.</returns>
        </member>
        <member name="T:Egain.Identity.Web.EgainIdentityWebApiServiceCollectionExtensions">
            <summary>
            Extension for IServiceCollection for startup initialization of web APIs.
            </summary>
        </member>
        <member name="M:Egain.Identity.Web.EgainIdentityWebApiServiceCollectionExtensions.AddEgainIdentityWebApiAuthentication(Microsoft.Extensions.DependencyInjection.IServiceCollection,Microsoft.Extensions.Configuration.IConfiguration,System.String,System.String,System.Boolean)">
            <summary>
            Protects the web API with Microsoft identity platform (formerly Azure AD v2.0)
            This method expects the configuration file will have a section, named "AzureAd" as default, with the necessary settings to initialize authentication options.
            </summary>
            <param name="services">Service collection to which to add authentication.</param>
            <param name="configuration">The Configuration object.</param>
            <param name="configSectionName">The configuration section with the necessary settings to initialize authentication options.</param>
            <param name="jwtBearerScheme">The JwtBearer scheme name to be used. By default it uses "Bearer".</param>
            <param name="subscribeToJwtBearerMiddlewareDiagnosticsEvents">
            Set to true if you want to debug, or just understand the JwtBearer events.</param>
            <returns>The authentication builder to chain extension methods.</returns>
        </member>
        <member name="T:Egain.Identity.Web.Internal.WebApiBuilders">
            <summary>
            Web API authentication builder.
            </summary>
        </member>
        <member name="M:Egain.Identity.Web.Internal.WebApiBuilders.EnableTokenAcquisition(System.Action{Microsoft.Identity.Client.ConfidentialClientApplicationOptions},System.String,Microsoft.Extensions.DependencyInjection.IServiceCollection,Microsoft.Extensions.Configuration.IConfigurationSection)">
            <summary>
            Allows a higher level abstraction of security token (i.e. System.IdentityModel.Tokens.Jwt and more modern, Microsoft.IdentityModel.JsonWebTokens)
            to be used with Microsoft Identity Web.
            Developers should continue to use `EnableTokenAcquisitionToCallDownstreamApi`.
            This API is not considered part of the public API and may change.
            </summary>
            <param name="configureConfidentialClientApplicationOptions">The action to configure <see cref="T:Microsoft.Identity.Client.ConfidentialClientApplicationOptions"/>.</param>
            <param name="authenticationScheme">Authentication scheme.</param>
            <param name="services">The services being configured.</param>
            <param name="configuration">IConfigurationSection.</param>
            <returns>The authentication builder to chain.</returns>
        </member>
        <member name="T:Egain.Identity.Web.EgainIdentityAppCallsWebApiAuthenticationBuilder">
            <summary>
            Authentication builder returned by the EnableTokenAcquisitionToCallDownstreamApi methods
            enabling you to decide token cache implementations.
            </summary>
        </member>
        <member name="M:Egain.Identity.Web.EgainIdentityAppCallsWebApiAuthenticationBuilder.AddInMemoryTokenCaches(System.Action{Microsoft.Identity.Web.TokenCacheProviders.InMemory.MsalMemoryTokenCacheOptions},System.Action{Microsoft.Extensions.Caching.Memory.MemoryCacheOptions})">
            <summary>
            Add in memory token caches.
            </summary>
            <param name="configureOptions"><see cref="T:Microsoft.Identity.Web.TokenCacheProviders.InMemory.MsalMemoryTokenCacheOptions"/> to configure.</param>
            <param name="memoryCacheOptions"><see cref="T:Microsoft.Extensions.Caching.Memory.MemoryCacheOptions"/> to configure.</param>
            <returns>the service collection.</returns>
        </member>
    </members>
</doc>
