{
  "steps": [
    {
      "stepType": "runWizard",
      "stepData": {
        "wizardType": "callManagerServer",
        "wizardData": {
          "mode": "Add",
          "resourceName": "Call Manager 1",
          "serverName": "VSH62QE0245",
          "serverAddress": "10.10.43.245",
          "version": "12.5.x",
          "url": null,
          "userName": "Administrator",
          "password": "egain@123",
          "timeout": 120,
          "linkedIcmResourceNames": [ "Icmserver1" ]
        }
      }
    }
  ]
}