{
  "steps": [
    {
      "stepType": "runWizard",
      "stepData": {
        "wizardType": "avayaServer",
        "wizardData": {
          "mode": "",
          "resourceName": "Avaya",
          "version": 12,
          "timezone": "(UTC-12:00) International Date Line West",
          "userName": "sa",
          "password": "egain@123",
          "serverName": "avaya",
          "serverAddress": "10.32.90.250",
          "instanceName": "cms_as",
          "service":"protocol",
          "catalogue": "cms"
        }
      }
    }
  ]
}