{
  "steps": [
    {
      "stepType": "runWizard",
      "stepData": {
        "wizardType": "avayaServer",
        "wizardData": {
          "mode": "Add",
          "resourceName": "Avaya",
          "version": "R17",
          "timezoneDisplayName": "(UTC-10:00) Hawaii",
          "serverName": "avaya",
          "serverAddress": "10.32.90.200",
          "instanceName": null,
          "protocol": null,
          "service": 1500,
          "userName": "",
          "password": "egain@123",
          "catalogue": "cmmms"
        }
      }
    }
  ]
}