{
  "steps": [
    {
      "stepType": "runWizard",
      "stepData": {
        "wizardType": "ciscoUcceServer",
        "wizardData": {
          "mode": "Add",
          "resourceName": "Cisco UCCE Server",
          "hdsRequired": true,
          "ddsRequired": false,
          "provisionable": false,
          "primarySystemData": {
            "aw": {
              "serverName": "usqaicm1251",
              "serverAddress": "usqaicm1251.egeng.info"
            }
          }
        }
      }
    }
  ]
}