{
  "steps": [
    {
      "stepType": "runWizard",
      "stepData": {
        "wizardType": "ciscoUcceServer",
        "wizardData": {
          "mode": "Add",
          "resourceName": "Cisco UCCE Server",
          "hdsRequired": false,
          "ddsRequired": false,
          "provisionable": true,
          "commonSystemData": {
            "database": {
              "dbIntegratedSecurity": false,
              "dbUserId": "sa",
              "dbPassword": "Pa55word"
            }
          },
          "primarySystemData": {
            "aw": {
              "serverName": "usqaicm1251",
              "serverAddress": "usqaicm1251.egeng.info"
            },
            "hds": {
              "serverName": "usqaicm1251",
              "serverAddress": "usqaicm1251.egeng.info"
            },
            "dds": {
              "serverName": "usqaicm1251",
              "serverAddress": "usqaicm1251.egeng.info"
            },
            "provisioning": {
              "unifiedConfigUrl":  "www.google.com",
              "unifiedConfigUser": "qeuser@egeng.info",
              "unifiedConfigPassword": "QaEngg@123",
              "unifiedConfigTimeout": 120,
              "conapiLocalRegistryPort": 9778,
              "conapiRemoteRegistryPort": 9778,
              "conapiLocalPort": 8779
            }
          }
        }
      }
    }
  ]
}