{
  "steps": [
    {
      "stepType": "runWizard",
      "stepData": {
        "wizardType": "ciscoUcceServer",
        "wizardData": {
          "mode": "Add",
          "resourceName": "Cisco UCCE Server",
          "hdsRequired": false,
          "ddsRequired": false,
          "provisionable": true,
          "primarySystemData": {
            "aw": {
              "serverName": "usqaicm1251",
              "serverAddress": "usqaicm1251.egeng.info"
            },
            "provisioning": {
              "unifiedConfigUrl": "www.google.com",
              "unifiedConfigUser": "qeuser@egeng.info",
              "unifiedConfigPassword": "QaEngg@123",
              "unifiedConfigTimeout": 120,
              "conapiLocalRegistryPort": 9778,
              "conapiRemoteRegistryPort": 9778,
              "conapiLocalPort": 8779,
              "conapiApplicationName": "IPCCAdmin",
              "conapiApplicationKey": "cisco"
            }
          },
          "secondarySystemData": {
            "provisioning": {
              "unifiedConfigUrl": "www.google.com",
              "unifiedConfigUser": "qeuser@egeng.info",
              "unifiedConfigPassword": "QaEngg@123",
              "unifiedConfigTimeout": 120,
              "conapiLocalRegistryPort": 9778,
              "conapiRemoteRegistryPort": 9778,
              "conapiLocalPort": 8779,
              "conapiApplicationName": "IPCCAdmin",
              "conapiApplicationKey": "cisco"
            }
          }
        }
      }
    }
  ]
}