{
  "steps": [
    {
      "stepType": "runWizard",
      "stepData": {
        "wizardType": "redshiftServer",
        "wizardData": {
          "mode": "Add",
          "resourceName": "aws",
          "serverName": "aws",
          "serverAddress": "",
          "catalogueName": "eg5012qa28",
          "driver": "Amazon Redshift (x64)",
          "portNumber": 5439,
          "isIAMBasedAuthentication": false,
          "userName": "admin",
          "password": "eG1n#TampaCloud",
          "tenantName": "eGain Administrators"
        }
      }
    }
  ]
}