{
  "steps": [
    {
      "stepType": "runWizard",
      "stepData": {
        "wizardType": "redshiftServer",
        "wizardData": {
          "mode": "Add",
          "resourceName": "aws",
          "serverName": "aws",
          "serverAddress": "eg5012qa29-emc2-new2-instance.cbxic4o4fvd9.us-west-2.rds.amazonaws.com",
          "catalogueName": "eg5012qa28",
          "driver": "Amazon Redshift (x64)",
          "portNumber": 5439,
          "isIAMBasedAuthentication": true,
          "userName": "postgres",
          "password": ""
        }
      }
    }
  ]
}