{
  "steps": [
    {
      "stepType": "runWizard",
      "stepData": {
        "wizardType": "avayaServer",
        "wizardData": {
          "mode": "Add",
          "resourceName": "Avaya3",
          "version": "R17",
          "timezoneDisplayName": "(UTC-10:00) Hawaii",
          "serverName": "avaya1",
          "serverAddress": "10.32.90.201",
          "instanceName": null,
          "protocol": "asd",
          "service": 1500,
          "userName": "admin",
          "password": "egain@123",
          "catalogue": "cmmms"
        }
      }
    }
  ]
}