{
  "schemaVersion": "2.2",
  "description": "Rename a tenant",
  "parameters": {
    "AnalyticsDatabaseHost": {
      "type": "String",
      "description": "(Deprecated, Optional) This parameter is no longer required and will be removed in a future release. Previously, it was used for specifying the hostname of the Analytics database. In case of AlwaysOn deployment, this was the listener. In all other cases, this was the server name where the Analytics Portal database was installed.",
      "default": ""
    },
    "TenantManagerTenantID": {
      "type": "String",
      "description": "Tenant Manager generated Tenant ID for this tenant. This maps to a tenant folder XML_DATA field in TB_SEC_FOLDER.",
      "default": ""
    },
    "TenantName": {
      "type": "String",
      "description": "Optional - The new Tenant Display Name",
      "default": ""
    },
    "DomainName": {
      "type": "String",
      "description": "Optional - A comma separated list of FQDNs to be added to CORS whitelist, e.g. https://foo.ezdev.net",
      "default": ""
    },
    "PaUserName": {
      "type": "String",
      "description": "Optional - The new user login name to be updated or inserted",
      "default": ""
    },
    "TenantAuthSecretName": {
      "type": "String",
      "description": "Tenant specific IDP secret name where a urldomain needs to be updated",
      "default": ""
    }
  },
  "mainSteps": [
    {
      "action": "aws:runPowerShellScript",
      "name": "RenameTenant",
      "inputs": {
        "runCommand": [
          "   function Write-Log {",
          "     param([string]$message)",
          "       $timestamp = Get-Date -Format \"yyyy-MM-dd HH:mm:ss\"",
          "       Write-Output \"[$timestamp] $message\"",
          "   }",
          "    # function to get unique tenant name to be updated.",
          "    function Get-UniqueNameForTenant($connection, $baseName, $folderId) {",
          "       $checkCmd = $connection.CreateCommand()",
          "       $checkCmd.CommandType = [System.Data.CommandType]'Text'",
          "       $sqlText = \"SELECT [FOLDER_ID],[NAME], CASE WHEN FOLDER_ID = @FolderId THEN CAST(1 AS BIT) ELSE CAST(0 AS BIT) END AS FOLDER_WITH_SAME_TMID_AND_NAME FROM dbo.TB_SEC_FOLDER WHERE FOLDER_TYPE = 'T' AND ([NAME] = @BaseName OR [NAME] LIKE @BaseNamePattern)\"",
          "       $checkCmd.CommandText = $sqlText",
          "       $baseNameParam = $checkCmd.Parameters.AddWithValue(\"@BaseName\", $baseName)",
          "       $baseNamePatternParam = $checkCmd.Parameters.AddWithValue(\"@BaseNamePattern\", \"$baseName %\")",
          "       $folderIdParam = $checkCmd.Parameters.AddWithValue(\"@FolderId\", $folderId)",
          "       $reader = $checkCmd.ExecuteReader()",
          "       $existingFolders = @{}",
          "       while ($reader.Read()) {",
          "         $existingFolderId = $reader.GetGuid(0).ToString()",
          "         $folderName = $reader.GetString(1)",
          "         $isFolderWithSameTmIdAndName = $reader.GetBoolean(2)",
          "         Write-Debug \"Name: $folderName, IsDuplicate: $isFolderWithSameTmIdAndName\"",
          "         $existingFolders[$existingFolderId] = @{",
          "             \"Name\" = $folderName",
          "             \"IsDuplicate\" = $isFolderWithSameTmIdAndName",
          "         }",
          "       }",
          "       $reader.Close()",
          "       $checkCmd.Dispose()",
          "       if ($existingFolders.Count -eq 0) {",
          "         return @{",
          "           Message = \"Update name required\"",
          "           Status = \"Update\"",
          "           FolderName = $baseName",
          "         }",
          "       } else {",
          "         # Check if the provided folderId with same name already exists in analytics.",
          "         $sameTenant = $existingFolders.Values | Where-Object { $_.IsDuplicate -eq $true -and $_.Name -eq $baseName } | Select-Object -First 1",
          "         if ($null -ne $sameTenant) {",
          "           $msgVal = \"Tenant already configured with FolderId: $folderId. Skipping Renaming tenant\"",
          "           return @{",
          "             Message = $msgVal",
          "             Status = \"Already Configured\"",
          "             FolderName = $existingFolders[$folderId]",
          "           }",
          "         }",
          "         # Return baseName if existingNames doesn't have it.",
          "         $existingNames = $existingFolders.Values | ForEach-Object { $_[\"Name\"] }",
          "         if ($existingNames -notcontains $baseName) {",
          "           return @{",
          "             Message = \"Update name required\"",
          "             Status = \"Update\"",
          "             FolderName = $baseName",
          "           }",
          "         }",
          "         $counter = 1",
          "         do {",
          "           Write-Debug \"Starting do while loop...\"",
          "           $currentName = \"{0} {1}\" -f $baseName, $counter",
          "           Write-Debug \"Current Name: $currentName\"",
          "           $counter++",
          "         } while ($existingNames -contains $currentName)",
          "         return @{",
          "           Message = \"Update name required. Added counter for uniqueness. Updated Name [$currentName]\"",
          "           Status = \"Update\"",
          "           FolderName = $currentName",
          "         }",
          "       }",
          "    }",
          "    # Required Parameters",
          "    $tmTenantID = '{{TenantManagerTenantID}}'",
          "    $database = 'Portal';",
          "    # Optional Parameters",
          "    $tenantNameValue = '{{TenantName}}';",
          "    $domainNameValues = '{{DomainName}}';",
          "    $paUserNameValue = '{{PaUserName}}';",
          "    $secretNameValue = '{{TenantAuthSecretName}}';",
          "    try {",
          "         $registryPaths = @(\"HKLM:\\SOFTWARE\\Exony\\Components\\Data Pipeline\",\"HKLM:\\SOFTWARE\\Exony\\Components\\Mediator\",\"HKLM:\\SOFTWARE\\Exony\\Components\\Partitioning\",\"HKLM:\\SOFTWARE\\Exony\\Components\\Provisioning\")",
          "         $configFiles = @{\"Data Pipeline\" = \"DataPipelineService.exe.config\"; \"Mediator\" = \"Exony.Dts.Runtime.ConsoleApp.exe.config\"; \"Partitioning\" = \"Exony.Database.Partitioning.Service  exe.config\"; \"Provisioning\" = \"Exony.Provisioning.Service.exe.config\" }",
          "         $bootstrapConnectionString = $null",
          "         $analyticsComponentInstallFolder = $null",
          "         foreach ($path in $registryPaths) {",
          "             if ($bootstrapConnectionString -ne $null) {",
          "                 break",
          "             }",
          "             if (Test-Path $path) {",
          "                 $analyticsComponentInstallFolder = (Get-ItemProperty -Path $path -Name 'InstallFolder' -ErrorAction SilentlyContinue).InstallFolder",
          "                 if ($analyticsComponentInstallFolder) {",
          "                     $componentName = ($path -split \"\\\\\")[-1]",
          "                     if ($configFiles.ContainsKey($componentName)) {",
          "                         $configFileName = $configFiles[$componentName]",
          "                         $configFilePath = Join-Path -Path $analyticsComponentInstallFolder -ChildPath $configFileName",
          "                         if (Test-Path $configFilePath) {",
          "                             $fileContent = Get-Content -Path $configFilePath -Raw",
          "                             $configXmlDoc = [xml]$fileContent",
          "                             $bootstrapConnectionString = $configXmlDoc.configuration.applicationSettings.'Exony.Monitoring.Settings'.setting | Where-Object { $_.name -eq  'BootstrapConnectionString' } | Select-Object -ExpandProperty value",
          "                         }",
          "                     }",
          "                 }",
          "             }",
          "         }",
          "         if ($bootstrapConnectionString -eq $null) {",
          "             Write-Log '[ERROR] BootstrapConnectionString not found in the configuration files';",
          "             throw 'BootstrapConnectionString not found in the configuration files';",
          "         }",
          "         if ($analyticsComponentInstallFolder -eq $null) {",
          "             Write-Log '[ERROR] Analytics component install folder not found';",
          "             throw 'Analytics component install folder not found';",
          "         }",
          "         $analyticsEncryptionAssembly = Join-Path -Path $analyticsComponentInstallFolder -ChildPath \"Exony.Security.Encryption.dll\";",
          "         Add-Type -Path $analyticsEncryptionAssembly;",
          "         if ($bootstrapConnectionString -match \"Data Source=\") {",
          "             $analyticsConnectionString = $bootstrapConnectionString;",
          "         } else {",
          "             $analyticsConnectionString = [Exony.Security.Encryption.ExonySymmetricCryptographer]::Decrypt($bootstrapConnectionString);",
          "         }",
          "         $analyticsConnectionStringBuilder = New-Object System.Data.SqlClient.SqlConnectionStringBuilder($analyticsConnectionString);",
          "         $analyticsDatabaseServerHost = $analyticsConnectionStringBuilder.DataSource;",
          "         if ($analyticsDatabaseServerHost -eq \"local\" -or $analyticsDatabaseServerHost -eq \".\") {",
          "             $analyticsDatabaseServerHost = $env:COMPUTERNAME;",
          "         }",
          "         $ConnectionString = 'Server={0};Database={1};Integrated Security=True;Connect Timeout={2};' -f $analyticsDatabaseServerHost,$database,60;",
          "         $connection = New-Object System.Data.SqlClient.SQLConnection;",
          "         $connection.ConnectionString = $ConnectionString;",
          "         $sqlText = 'SELECT FOLDER_ID FROM dbo.TB_SEC_FOLDER WHERE FOLDER_TYPE = ''T'' AND XML_DATA.value(''(Columns/Column[@Name=\"TENANT_MANAGER_TENANT_ID\"]/text())[1]'', ''VARCHAR(MAX)'') = ''{0}'';' -f $tmTenantID;",
          "         $connection.Open();",
          "         try {",
          "              Write-Log 'Find tenant with passed in Tenant Manager Tenant ID';",
          "              $command = $connection.CreateCommand();",
          "              $command.CommandText = $sqlText;",
          "              $command.CommandType=[System.Data.CommandType]'Text';",
          "              $folderId = $command.ExecuteScalar();",
          "         }",
          "         finally {",
          "              $connection.Close();",
          "         }",
          "         if ($folderId -eq '' -or $folderId -eq $null -or ([DBNull]::Value).Equals($folderId)) {",
          "             Write-Log '[ERROR] Passed in Tenant Manager Tenant ID does not exist on this Analytics Platform!';",
          "             throw 'Tenant Manager Tenant ID {0} does not exist' -f $tmTenantID;",
          "         }",
          "         if ($tenantNameValue -eq '' -or $tenantNameValue -eq $null) {",
          "             Write-Debug 'No passed in tenant name, skipping rename...';",
          "         } else {",
          "             # CHECK and get the Tenant Name which is unique before updating the table TB_SEC_FOLDER",
          "             $connection.Open();",
          "             try {",
          "               Write-Log 'Start: Get unique tenant name';",
          "               $uniqueTenantObject = Get-UniqueNameForTenant -connection $connection -baseName $tenantNameValue -folderId $folderId",
          "               Write-Log $uniqueTenantObject.Message",
          "             } finally {",
          "               $connection.Close();",
          "               Write-Log 'End: Get unique tenant name';",
          "             }",
          "             # Skip Renaming the Tenant if we have same passed in Name and TM ID containing folder already in the db.",
          "             if ($uniqueTenantObject.Status -ne \"Already Configured\") {",
          "               # Rename the folder",
          "               $uniqueTenantName = $uniqueTenantObject.FolderName",
          "               $sqlText = 'UPDATE dbo.TB_SEC_FOLDER SET [NAME] = ''{1}'' WHERE [FOLDER_ID] = ''{0}'';' -f $folderId, $uniqueTenantName;",
          "               $connection.Open();",
          "               try {",
          "                    Write-Log 'Start: Update tenant name';",
          "                    $command = $connection.CreateCommand();",
          "                    $command.CommandText = $sqlText;",
          "                    $command.CommandType=[System.Data.CommandType]'Text';",
          "                    $command.ExecuteNonQuery();",
          "               } finally {",
          "                    $connection.Close();",
          "                    Write-Log 'End: Update tenant name';",
          "               }",
          "               $sqlText = '[dbo].[ap_sec01_resync_specific_folder_ownership]';",
          "               $connection.Open();",
          "               try {",
          "                    Write-Log 'Start: Resync folder paths post tenant rename';",
          "                    $command = $connection.CreateCommand();",
          "                    $command.CommandType = [System.Data.CommandType]::StoredProcedure;",
          "                    $command.CommandText = $sqlText;",
          "                   function Add-SqlParameter {",
          "                       param (",
          "                           [string]$paramName,",
          "                           [object]$paramValue",
          "                       )",
          "                       if ($null -eq $paramValue -or \"$paramValue\" -eq '[DBNull]::Value') {",
          "                           Write-Log \"Parameter $paramName is null!\"",
          "                           $command.Parameters.Add((New-Object Data.SqlClient.SqlParameter($paramName, [DBNull]::Value))) | Out-Null",
          "                       } else {",
          "                           Write-Log \"Parameter $paramName == $paramValue\"",
          "                           $command.Parameters.Add((New-Object Data.SqlClient.SqlParameter($paramName, $paramValue))) | Out-Null",
          "                       }",
          "                   }",
          "                   if ($null -ne $folderId) {",
          "                       Add-SqlParameter \"@folderid\" $folderId",
          "                   } else {",
          "                       Add-SqlParameter \"@folderid\" [DBNull]::Value",
          "                   }",
          "                    $command.ExecuteNonQuery();",
          "                    Write-Log 'End: Resync folder paths post tenant rename';",
          "               } finally {",
          "                    $connection.Close();",
          "               }",
          "               $sqlText = 'UPDATE p SET p.NAME = f.PATH FROM TB_SEC_POLICY p INNER JOIN TB_SEC_FOLDER f ON f.POLICY_ID = p.POLICY_ID WHERE f.FOLDER_ID = ''{0}'';' -f $folderId;",
          "               $connection.Open();",
          "               try {",
          "                    Write-Log 'Start: Update policy name';",
          "                    $command = $connection.CreateCommand();",
          "                    $command.CommandText = $sqlText;",
          "                    $command.CommandType=[System.Data.CommandType]'Text';",
          "                    $command.ExecuteNonQuery();",
          "               } finally {",
          "                    $connection.Close();",
          "                    Write-Log 'End: Update policy name';",
          "               }",
          "             }",
          "         }",
          "         if ($domainNameValues -eq '' -or $domainNameValues -eq $null) {",
          "             Write-Debug 'No passed in domain names, skipping CORS whitelisting...';",
          "         } else {",
          "             # Get the current CORS whitelist",
          "             $sqlText = 'SELECT [PROPERTY_VALUE] FROM [dbo].[TB_ADM_PROPERTY] WHERE [PROPERTY_KEY] = ''PROP_ADDITIONAL_WHITELISTED_ORIGINS'';';",
          "             $connection.Open();",
          "             try {",
          "                 Write-Log 'Start: In Analytics, find current property value';",
          "                 $command = $connection.CreateCommand();",
          "                 $command.CommandText = $sqlText;",
          "                 $command.CommandType=[System.Data.CommandType]'Text';",
          "                 $currentApplicationUrlDomains = $command.ExecuteScalar();",
          "             } finally {",
          "                 $connection.Close();",
          "                 Write-Log 'End: In Analytics, find current property value';",
          "             }",
          "             if ($currentApplicationUrlDomains -eq '' -or $currentApplicationUrlDomains -eq $null -or ([DBNull]::Value).Equals($currentApplicationUrlDomains)) {",
          "                 Write-Log 'No current CORS whitelist';",
          "                 # Make sure it's not null!",
          "                 $currentApplicationUrlDomains = '';",
          "             } else {",
          "                 Write-Log 'Found current whilstlisted origins';",
          "                 $currentApplicationUrlDomains += ',';",
          "             }",
          "             # Make sure the new list is unique and all start with http or https",
          "             $domainNameValues = (($domainNameValues.Split(',') | ForEach-Object { $_.Trim() }).ForEach({",
          "               # Ensure the value starts with http/https",
          "               if ($_ -match '^(http|https)://') {",
          "                 $url = $_",
          "               } else { ",
          "                 $url = 'https://{0}' -f $_ ",
          "               }",
          "               # Convert to a Uri object and extract the base URL",
          "               $uri = [System.Uri]$url",
          "               $uri.GetLeftPart(\"Authority\")",
          "             }) | Select-Object -Unique) -join ','",
          "             Write-Log 'Merge current and new list';",
          "             $currentApplicationUrlDomains += $domainNameValues;",
          "             # Make the new list unique",
          "             $currentApplicationUrlDomains = ($currentApplicationUrlDomains.Split(',') | select -unique) -join ',';",
          "             # Update the property in Analytics",
          "             $sqlText = 'MERGE INTO [dbo].[TB_ADM_PROPERTY] [TARGET]",
          "                         USING (VALUES(''{0}'', ''PROP_ADDITIONAL_WHITELISTED_ORIGINS'')) [SOURCE]([PROPERTY_VALUE], [PROPERTY_KEY])",
          "                         ON [SOURCE].[PROPERTY_KEY] = [TARGET].[PROPERTY_KEY]",
          "                         WHEN MATCHED THEN ",
          "                         UPDATE SET [TARGET].[PROPERTY_VALUE] = [SOURCE].PROPERTY_VALUE",
          "                         WHEN NOT MATCHED THEN ",
          "                         INSERT ([PROPERTY_KEY], [PROPERTY_VALUE])",
          "                         VALUES ([SOURCE].[PROPERTY_KEY], [SOURCE].[PROPERTY_VALUE]);' -f $currentApplicationUrlDomains;",
          "              $connection.Open();",
          "              try {",
          "                  Write-Debug 'Start: Add new property value';",
          "                  $command = $connection.CreateCommand();",
          "                  $command.CommandText = $sqlText;",
          "                  $command.CommandType=[System.Data.CommandType]'Text';",
          "                  $holder = $command.ExecuteNonQuery();",
          "              } finally {",
          "                  $connection.Close();",
          "                  Write-Debug 'End: Add new property value';",
          "              }",
          "         }",
          "         if ($paUserNameValue -eq '' -or $paUserNameValue -eq $null) {",
          "             Write-Debug 'No passed in pa user name, skipping rename...';",
          "         } else {",
          "             # CHECK if a user with login name 'pa' is found, then it will be renamed the table TB_SEC_USER",
          "             $sqlText = 'DECLARE @ExistingUserID UNIQUEIDENTIFIER; ",
          "             DECLARE @NewUserID UNIQUEIDENTIFIER = NEWID(); ",
          "             DECLARE @FolderID UNIQUEIDENTIFIER = ''{0}''; ",
          "             DECLARE @OldLoginName NVARCHAR(50) = ''pa''; ",
          "             DECLARE @NewLoginName NVARCHAR(50) = ''{1}''; ",
          "             DECLARE @GroupID UNIQUEIDENTIFIER; ",
          "             SELECT @ExistingUserID = USER_ID FROM dbo.TB_SEC_USER WHERE LOGIN_NAME = @OldLoginName AND OWNER_ID = @FolderID AND DELETED = 0; ",
          "             IF @ExistingUserID IS NOT NULL ",
          "             BEGIN ",
          "             UPDATE dbo.TB_SEC_USER SET LOGIN_NAME = @NewLoginName WHERE USER_ID = @ExistingUserID; ",
          "             END ",
          "             ELSE ",
          "             BEGIN ",
          "             MERGE INTO dbo.TB_SEC_USER AS Target ",
          "             USING (SELECT @NewLoginName AS LOGIN_NAME, @FolderID AS OWNER_ID, 0 AS DELETED, ''U'' AS USER_TYPE) AS Source  ",
          "             ON Target.LOGIN_NAME = Source.LOGIN_NAME AND Target.OWNER_ID = Source.OWNER_ID AND Target.USER_TYPE = Source.USER_TYPE AND Target.DELETED = Source.DELETED  ",
          "             WHEN NOT MATCHED BY TARGET THEN  ",
          "                     INSERT ([USER_ID], [FOLDER_ID], [OWNER_ID], [USER_TYPE], [LOGIN_NAME], [PASS_PHRASE], ",
          "                             [DESCRIPTION], [EMAIL], [FIRST_NAME], [LAST_NAME], [PASS_PHRASE_HINT], [HOME_FOLDER_ID], ",
          "                             [DEFAULT_GADGET_SET_ID], [LAST_LOGIN], [FAILED_ATTEMPTS], [ACCOUNT_LOCKED], [PASS_PHRASE_EXPIRED], ",
          "                             [PASS_PHRASE_NEVER_EXPIRES], [PASS_PHRASE_CHANGE_ENABLED], [EFFECTIVE_FROM], [EFFECTIVE_TO], ",
          "                             [CREATED_BY], [CREATED_DATE], [LAST_MODIFIED_BY], [LAST_MODIFIED_DATE], [EXPERT], [ARCHIVED], ",
          "                             [TENANT_BIZ_URN], [DELETED], [ENABLED], [HIDDEN], [SYSTEM], [LOCAL_LOGIN_ENABLED], ",
          "                             [XML_DATA], [CUSTOM_XML_DATA]) ",
          "                     VALUES (@NewUserID, @FolderID, @FolderID, ''U'', @NewLoginName, NULL, '''', '''', '''', '''', '''', @FolderID, ",
          "                             NULL, NULL, 0, 0, 0, 1, 1, GETUTCDATE(), ''2079-06-06 00:00:00'', ",
          "                             ''00000003-0000-0000-0000-000000000006'', GETUTCDATE(), NULL, NULL, 0, 0, -1, 0, 1, 0, 0, 1, NULL, NULL); ",
          "             ;",
          "             SELECT @GroupID = USER_ID FROM dbo.TB_SEC_USER WHERE LOGIN_NAME = ''Advanced Users'' AND USER_TYPE = ''G'' AND FOLDER_ID = @FolderID; ",
          "             IF @GroupID IS NOT NULL ",
          "             BEGIN ",
          "               MERGE dbo.TB_SEC_GROUP_MEMBER AS target ",
		      "               USING (SELECT @GroupID AS PARENT_ID, @NewUserID AS CHILD_ID) AS source ",
		      "               ON target.PARENT_ID = source.PARENT_ID AND target.CHILD_ID = source.CHILD_ID ",
		      "               WHEN NOT MATCHED BY TARGET THEN ",
          "               INSERT (PARENT_ID, CHILD_ID) VALUES (source.PARENT_ID, source.CHILD_ID); ",
          "             END ",
          "             END;' -f $folderId, $paUserNameValue; ",
          "             $connection.Open();",
          "             try {",
          "               Write-Log 'Start: User ''pa'' found and renamed OR new user created under tenant folder and added to Advanced Users group';",
          "               $command = $connection.CreateCommand();",
          "               $command.CommandText = $sqlText;",
          "               $command.CommandType=[System.Data.CommandType]'Text';",
          "               $command.ExecuteNonQuery();",
          "             }",
          "             finally {",
          "               $connection.Close();",
          "               Write-Log 'End: User ''pa'' found and renamed OR new user created under tenant folder and added to Advanced Users group';",
          "             }",
          "         }",
          "         exit 0;",
          "    }",
          "    catch {",
          "           $exception = $_.Exception.Message;",
          "           $stack = $_.ScriptStackTrace;",
          "           Write-Error $exception;",
          "           Write-Error $stack;",
          "           exit 1;",
          "    }"
        ]
      }
    }
  ]
}