{
  "steps": [
    {
      "stepType": "runWizard",
      "stepData": {
        "wizardType": "egainServer",
        "wizardData": {
          "mode": "Add",
          "resourceName": "ussuhvin0521_base",
          "serverName": "ussuhvin0521",
          "serverAddress": "ussuhvin0521.egeng.info",
          "activeDbCatalog": "eGActiveDB_257",
          "activeIntegratedSecurity": false,
          "activeDbUserId": "sa",
          "activeDbPassword": ""
        }
      }
    }
  ]
}