{
  "steps": [
    {
      "stepType": "runWizard",
      "stepData": {
        "wizardType": "egainServer",
        "wizardData": {
          "mode": "Add",
          "resourceName": "ussuhvin0521_base",
          "serverName": "ussuhvin0521",
          "serverAddress": "ussuhvin0521.egeng.info",
          "activeDbCatalog": "eGActiveDB_257",
          "isAiComponentConfigured": true,
          "aiComponentServerName": "usqavim005aai",
          "aiComponentServerAddress": "usqavim005a.egeng.info",
          "aiDbCatalogueName": "eGainGenerativeAI_2",
          "aiDbUserName": "postgres1",
          "aiDbPassword": "Pa55word",
          "aiDbConnectionPort": 5432,
          "aiDbDriver": "PostgreSQL Unicode(x64)"
        }
      }
    }
  ]
}