{
  "steps": [
    {
      "stepType": "runWizard",
      "stepData": {
        "wizardType": "egainServer",
        "wizardData": {
          "mode": "Update",
          "resourceName": "eGain India",
          "isAiComponentConfigured": true,
          "aiComponentServerName": "egainAI",
          "aiComponentServerAddress ": "egainAI.egeng.info",
          "aiDbCatalogueName": "eGainGenerativeAI",
          "aiDbUserName": "postgres",
          "aiDbPassword": "Pa55word",
          "aiDbConnectionPort": 5432,
          "aiDbDriver": "PostgreSQL Unicode(x64)",
          "aiDbSslEnabled": true
        }
      }
    }
  ]
}