{
  "steps": [
    {
      "stepType": "runWizard",
      "stepData": {
        "wizardType": "ciscoUcceServer",
        "wizardData": {
          "mode": "Add",
          "resourceName": "Cisco UCCE Server",
          "hdsRequired": true,
          "commonSystemData": {
            "database": {
              "dbIntegratedSecurity": false,
              "dbUserId": "sa",
              "dbPassword": "Pa55word"
            }
          },
          "primarySystemData": {
            "aw": {
              "serverName": "ussuhvin0061",
              "serverAddress": "ussuhvin0061.egeng.info"
            },
            "hds": {
              "serverName": "abc",
              "serverAddress": "abc.egeng.info"
            }
          }
        }
      }
    }
  ]
}