{
  "steps": [
    {
      "stepType": "runWizard",
      "stepData": {
        "wizardType": "ciscoUcceServer",
        "wizardData": {
          "mode": "Add",
          "resourceName": "Cisco UCCE Server",
          "provisionable": true,
          "commonSystemData": {
            "database": {
              "dbIntegratedSecurity": false,
              "dbUserId": "sa",
              "dbPassword": "Pa55word"
            },
            "provisioning": {
              "conapiApplicationName": "IPCCAdmin",
              "conapiApplicationKey": "cisco",
              "multiMediaSupport": true,
              "purgeItemsOnDelete": true,
              "scriptSupport": true,
              "scriptLockUserName": "eGain User",
              "supervisorActiveDirectoryIntegration": true,
              "domainIntegration": {
                "globalCatalogDomainOrServer": "egeng.info",
                "domainControllerAnonymous": false,
                "domainControllerDelegation": false,
                "domainControllerUseEncryption": false,
                "domainControllerServerBind": false,
                "domainControllerFastBind": false,
                "domainControllerReadOnlyServer": false,
                "domainControllerUseSsl": false,
                "domainControllerSecureAuthentication": true,
                "domainControllerSealing": false,
                "domainControllerSigning": false,
                "domainControllerUserName": "qeuser@egeng.info",
                "domainControllerPassword": "QaEngg@123"
              }
            }
          },
          "primarySystemData": {
            "aw": {
              "serverName": "ussuhvin0061",
              "serverAddress": "ussuhvin0061.egeng.info"
            },
            "provisioning": {
              "unifiedConfigUrl": "http://www.google.com",
              "unifiedConfigUser": "qeuser@egeng.info",
              "unifiedConfigPassword": "QaEngg@123",
              "unifiedConfigTimeout": 120,
              "conapiLocalRegistryPort": 9778,
              "conapiRemoteRegistryPort": 9778,
              "conapiLocalPort": 8779
            }
          }
        }
      }
    }
  ]
}