{
  "steps": [
    {
      "stepType": "runWizard",
      "stepData": {
        "wizardType": "ciscoUcceServer",
        "wizardData": {
          "mode": "Update",
          "resourceName": "Cisco UCCE Demo",
          "dualSided": false,
          "hdsRequired": true,
          "ddsRequired": true,
          "commonSystemData": {
            "database": {
              "dbIntegratedSecurity": false,
              "dbUserId": "sa",
              "dbPassword": "Pa55word"
            }
          },
          "primarySystemData": {
            "aw": {
              "serverName": "usqaicm1251",
              "serverAddress": "usqaicm1251.egeng.info"
            },
            "hds": {
              "serverName": "slowpid",
              "serverAddress": "usqaicm1251.egeng.info"
            },
            "dds": {
              "serverName": "usqaicm1251",
              "serverAddress": "usqaicm1251.egeng.info"
            }
          }
        }
      }
    }
  ]
}