{
  "steps": [
    {
      "stepType": "runWizard",
      "stepData": {
        "wizardType": "ciscoUcceServer",
        "wizardData": {
          "mode": "Add",
          "resourceName": "Cisco UCCE Server",
          "hdsRequired": true,
          "ddsRequired": true,
          "provisionable": true,
          "commonSystemData": {
            "database": {
              "dbIntegratedSecurity": false,
              "dbUserId": "sa",
              "dbPassword": "Pa55word"
            },
            "provisioning": {
              "conapiApplicationName": "IPCCAdmin",
              "conapiApplicationKey": "cisco",
              "multiMediaSupport": false,
              "purgeItemsOnDelete": false,
              "scriptSupport": false,
              "supervisorActiveDirectoryIntegration": false
            }
          },
          "primarySystemData": {
            "aw": {
              "serverName": "ussuhvin0061",
              "serverAddress": "ussuhvin0061.egeng.info"
            },
            "hds": {
              "serverName": "ussuhvin0061",
              "serverAddress": "ussuhvin0061.egeng.info"
            },
            "dds": {
              "serverName": "usqaicm1251",
              "serverAddress": "usqaicm1251.egeng.info"
            },
            "provisioning": {
              "unifiedConfigUrl": "https://ussuhvin0061.egeng.info/unifiedconfig/config/",
              "unifiedConfigUser": "qeuser@egeng.info",
              "unifiedConfigPassword": "QaEngg@123",
              "unifiedConfigTimeout": 120,
              "conapiLocalRegistryPort": 9778,
              "conapiRemoteRegistryPort": 9778,
              "conapiLocalPort": 8779
            }
          }
        }
      }
    }
  ]
}