{
  "steps": [
    {
      "stepType": "runWizard",
      "stepData": {
        "wizardType": "cvpServer",
        "wizardData": {
          "mode": "Add",
          "serverType": "OperationsConsole",
          "resourceName": "asd",
          "userName": "administrator",
          "password": "!Pa55word123",
          "serverName": "USQACVP120OPS",
          "serverAddress": "10.32.90.254",
          "url": "haha",
          "version": "12",
          "callServers": [
            {
              "resourceName": "callserver3",
              "serverName": "USQACVP120MC3",
              "serverAddress": "",
              "linkedIcmResourceName": null,
              "updateMode": "Update"
            }
          ]
        }
      }
    }
  ]
}