{
  "steps": [
    {
      "stepType": "runWizard",
      "stepData": {
        "wizardType": "cvpServer",
        "wizardData": {
          "mode": "aasa",
          "serverType": "OperationsConsole",
          "resourceName": "cvpOperations",
          "userName": "administrator",
          "password": "!Pa55word123",
          "serverName": "USQACVP120OPS",
          "serverAddress": "10.32.90.254",
          "url": "haha",
          "version": "12"
        }
      }
    }
  ]
}