{
  "steps": [
    {
      "stepType": "runWizard",
      "stepData": {
        "wizardType": "cvpServer",
        "wizardData": {
          "mode": "Add",
          "serverType": "OperationsConsole",
          "resourceName": "Resource",
          "userName": "administrator",
          "password": "!Pa55word123",
          "serverName": "USQACVP120OPS",
          "serverAddress": "10.32.90.254",
          "url": "haha",
          "version": "12",
          "callServers": [
            {
              "resourceName": "Resour",
              "serverName": "",
              "serverAddress": "10.32.90.110"
            }
          ],
          "reportingServers": [
            {
              "resourceName": "reportServer1",
              "serverName": "",
              "serverAddress": "10.32.90.238",
              "instanceName": "cvp",
              "protocol": null,
              "service": 1526,
              "userName": "cvp_dbuser",
              "password": "!Pa55word123",
              "coreDatabase": "cvp_data",
              "catalogueDatabase": "callback",
              "updateMode": "Add"
            }
          ]
        }
      }
    }
  ]
}