{
  "steps": [
    {
      "stepType": "runWizard",
      "stepData": {
        "wizardType": "egainVirtualAssistantServer",
        "wizardData": {
          "mode": "Add",
          "resourceName": "egainva1.0",
          "serverName": "va",
          "serverAddress": "172.21.8.155",
          "catalogueName": "va_b154589",
          "driver": "PostgreSQL ODBC Driver(UNICODE)",
          "portNumber": 5432,
          "userName": "postgres",
          "password": "eG1n#TampaCloud",
          "sslEnabled": true
        }
      }
    }
  ]
}