{
  "steps": [
    {
      "stepType": "runWizard",
      "stepData": {
        "wizardType": "egainVirtualAssistantServer",
        "wizardData": {
          "mode": "Add",
          "resourceName": "aws",
          "serverName": "aws",
          "serverAddress": "eg5012qa29-emc2-new2-instance.cbxic4o4fvd9.us-west-2.rds.amazonaws.com",
          "catalogueName": "eg5012qa28",
          "driver": "Postgres SQL ODBC Driver(UNICODE)",
          "portNumber": "",
          "userName": "postgres",
          "password": "eG1n#TampaCloud",
          "sslEnabled": true
        }
      }
    }
  ]
}