{
  "steps": [
    {
      "stepType": "runWizard",
      "stepData": {
        "wizardType": "egainVirtualAssistantServer",
        "wizardData": {
          "mode": "Add",
          "resourceName": "aws",
          "serverName": "aws",
          "serverAddress": null,
          "catalogueName": "eg5012qa28",
          "driver": "Postgres SQL ODBC Driver(UNICODE)",
          "portNumber": 5432,
          "userName": "postgres",
          "password": "eG1n#TampaCloud",
          "sslEnabled": true
        }
      }
    }
  ]
}